Unnamed: 0,author,statement,source,date,target,BinaryTarget,BinaryNumTarget
0,Marta Campabadal,“Netflix estrenó una película del Titan el 23 de junio”.,Facebook posts,"• June 29,",FALSE,FAKE,0
1,Louis Jacobson,"Says that under his presidency, the unemployment rate has “been below 4% for the longest stretch in 50 years in American history.”",Joe Biden,"June 29, 2023",mostly-true,REAL,1
2,Jeff Cercone,"""ONU ordena despenalizar a los"" pedófilos.",Facebook posts,"June 29, 2023",FALSE,FAKE,0
3,Sara Swann,"NASA warns of “internet apocalypse,” which “means they can execute the Great Reset in silence without anyone knowing it.”",Facebook posts,"June 29, 2023",FALSE,FAKE,0
4,Jeff Cercone,"Video suggests COVID-19 vaccines are responsible for breast cancer deaths in women under age 45 rising from 26,000 in 2021 to 297,000 in 2023.",Instagram posts,"June 29, 2023",FALSE,FAKE,0
5,Loreben Tuquero,“The day before 9/11 the Pentagon reported $2.3 trillion missing.”,Instagram posts,"June 29, 2023",FALSE,FAKE,0
6,Tom Kertscher,Kevin McCarthy “announces impeachment proceeding for Biden regime.”,Facebook posts,"June 29, 2023",FALSE,FAKE,0
7,Sofia Bliss-Carrascosa,Video showing someone in military gear outside a Georgia Waffle House proves that Donald Trump is president.,Facebook posts,"June 28, 2023",pants-fire,FAKE,0
8,Sofia Bliss-Carrascosa,“Young Americans across this country are no longer proud to be American.”,Vivek Ramaswamy,"June 28, 2023",half-true,REAL,1
9,Grace Abels,"Atrazine in the water supply is contributing to ""sexual dysphoria"" in kids.","Robert F. Kennedy, Jr.","June 28, 2023",FALSE,FAKE,0
10,Marta Campabadal,Los cinco tripulantes del sumergible Titan “estan vivos”.,Facebook posts,"• June 27,",FALSE,FAKE,0
11,Nuria Diaz,John F. Kennedy está vivo.,Instagram posts,"• June 27,",pants-fire,FAKE,0
12,Maria Briceño,"""Se filtran audios de millonarios diciendo ayuda desesperados” en el sumergible Titan.",Facebook posts,"June 27, 2023",FALSE,FAKE,0
13,Marta Campabadal,Fotos muestran ropa con motivos satánicos en las tiendas Target en 2023.,Facebook posts,"• June 27,",FALSE,FAKE,0
14,Jeff Cercone,Audio is of “the knocking they caught from the submarine” that imploded on the way to view the Titanic wreckage.,Facebook posts,"June 27, 2023",FALSE,FAKE,0
15,Maria Briceño,"""Imagenes de los restos encontrados del submarino” Titan de la empresa OceanGate.",Facebook posts,"June 27, 2023",FALSE,FAKE,0
16,Loreben Tuquero,“Donald Trump called up Putin today and made a new deal that will save America.”,Facebook posts,"June 27, 2023",FALSE,FAKE,0
17,Tom Kertscher,Gold fringe on an American flag means “the Constitution is suspended.”,Instagram posts,"June 26, 2023",FALSE,FAKE,0
18,Loreben Tuquero,“Biden administration quietly DROPS all charges against Sam Bankman-Fried.”,Instagram posts,"June 26, 2023",FALSE,FAKE,0
19,Tom Kertscher,NASA space rockets can’t reach space.,Instagram posts,"June 26, 2023",pants-fire,FAKE,0
20,Tom Kertscher,Image shows Donald Trump golfing.,Jared Moskowitz,"June 26, 2023",pants-fire,FAKE,0
21,Louis Jacobson,"“Median income in this country is … $35,000 a year. Because of Joe Biden's inflation, the average monthly expenses have increased by $500, almost.”",Tim Scott,"June 26, 2023",half-true,REAL,1
22,Sara Swann,"The Wall Street Journal reported that President Joe Biden knew June 18 that the Titan submersible had imploded, but he withheld the news until June 22.",Social Media,"June 23, 2023",FALSE,FAKE,0
23,Tom Kertscher,NASA faked footage of astronauts on the International Space Station.,Instagram posts,"June 23, 2023",FALSE,FAKE,0
24,Sara Swann,"World Economic Forum “calls for AI to rewrite Bible, create ‘religions that are actually correct’”",Facebook posts,"June 23, 2023",FALSE,FAKE,0
25,Gabrielle Settles,"Rep. Alexandria Ocasio-Cortez “faces 5 Years in Jail For FEC Crimes.""",Facebook posts,"June 23, 2023",FALSE,FAKE,0
26,Loreben Tuquero,"Video shows U.S. Rep. Jim Jordan, R-Ohio, telling U.S. Rep. Adam Schiff, D-Calif., that he is “not even an expert” and shutting him up.",Facebook posts,"June 23, 2023",FALSE,FAKE,0
27,Ciara O'Rourke,"Greta Thunberg said the world would end on June 21, 2023.",Instagram posts,"June 22, 2023",FALSE,FAKE,0
28,Ciara O'Rourke,Video shows Tucker Carlson advertising Affordable Care Act subsidies.,Facebook posts,"June 22, 2023",FALSE,FAKE,0
29,Sofia Bliss-Carrascosa,"""We have plans to build a railroad from the Pacific all the way across the Indian Ocean.""",Joe Biden,"June 22, 2023",FALSE,FAKE,0
30,Ciara O'Rourke,The Titan “submarine never happened. They faked their own deaths.”,Instagram posts,"June 22, 2023",FALSE,FAKE,0
31,Ciara O'Rourke,Video shows Dr. Anthony Fauci getting “confronted on what was exposed about him last night.”,Facebook posts,"June 22, 2023",FALSE,FAKE,0
32,Ciara O'Rourke,Video shows former President Donald Trump saying an impostor is pretending to be President Joe Biden.,Viral image,"June 22, 2023",FALSE,FAKE,0
33,Ciara O'Rourke,The U.S. Department of Agriculture requires anyone with a garden to “register that with the government.”,Instagram posts,"June 22, 2023",FALSE,FAKE,0
34,Loreben Tuquero,Titan submersible passenger Shahzada Dawood is the World Economic Forum’s vice chairman.,Instagram posts,"June 22, 2023",FALSE,FAKE,0
35,Ciara O'Rourke,The Guantanamo Bay detention camp remaining open is proof that Joe Biden is not the president.,Facebook posts,"June 22, 2023",pants-fire,FAKE,0
36,Tom Kertscher,The Pentagon “said we accidentally sent $6.2 billion to Ukraine.”,Facebook posts,"June 22, 2023",FALSE,FAKE,0
37,Maria Briceño,"""Autoridades confirmaron el rescate” del submarino Titan el 21 de junio de 2023.",TikTok posts,"June 22, 2023",FALSE,FAKE,0
38,Ciara O'Rourke,Video shows “CBS Mornings” host Gayle King interviewing Elon Musk about a new project ensuring Canadians “won’t have to work anymore.”,Viral image,"June 22, 2023",FALSE,FAKE,0
39,Amy Sherman,"In 2020 the ballots that were counted ""were fake ballots.""",Donald Trump,"June 22, 2023",pants-fire,FAKE,0
40,Grace Abels,“New California bill charges parents with child abuse for refusing to ‘affirm’ their kid’s gender identity.”,Facebook posts,"June 22, 2023",FALSE,FAKE,0
41,Ciara O'Rourke,“Man sues McDonalds for still being depressed after eating happy meal.”,Viral image,"June 22, 2023",pants-fire,FAKE,0
42,Tom Kertscher,The Titan submersible was found June 21 with all five passengers alive.,Facebook posts,"June 22, 2023",FALSE,FAKE,0
43,Ciara O'Rourke,The five people aboard the Titan submersible “have been found dead.”,Facebook posts,"June 22, 2023",FALSE,FAKE,0
44,Sevana Wenn,"“Think about parents who show up at school board meetings. By this DOJ, they’re called domestic terrorists.”",Tim Scott,"June 22, 2023",FALSE,FAKE,0
45,Tom Kertscher,A lawyer for former President Donald Trump released new proof of 2020 election fraud.,Facebook posts,"June 22, 2023",FALSE,FAKE,0
46,Maria Briceño,"""Mel Gibson ha hecho cuatro documentales tremendos sobre este tema: tráfico de niños"".",Facebook posts,"June 22, 2023",FALSE,FAKE,0
47,Sara Swann,“Monkey virus DNA found in COVID-19 shots”,Facebook posts,"June 21, 2023",FALSE,FAKE,0
48,Ciara O'Rourke,Recent haze in New York City was caused by “Bill Gates’ sun-dimming technology.”,Facebook posts,"June 21, 2023",FALSE,FAKE,0
49,Ciara O'Rourke,Video shows “Mel Gibson exposing Hollywood elites and the satanic child trafficking.”,Facebook posts,"June 21, 2023",FALSE,FAKE,0
50,Maria Briceño,"""Twenty-six out of every 100 students” in K-12 speak Spanish.",Joe Biden,"June 21, 2023",half-true,REAL,1
51,Jeff Cercone,Videos and photos of military vehicles are proof of “war prep” and looming military action within the U.S.,Hal Turner Radio Show,"June 21, 2023",FALSE,FAKE,0
52,Amy Sherman,"Photo shows President Joe Biden sitting with “Lisa Monaco, second in charge of the DOJ, probably working on future Plots and Schemes against Republicans.”",Donald Trump,"June 21, 2023",barely-true,FAKE,0
53,Ciara O'Rourke,“Mel Gibson child sex-trafficking documentary blocked by Hollywood!”,Facebook posts,"June 21, 2023",FALSE,FAKE,0
54,Ciara O'Rourke,“Unprecedented UFO landing” in Las Vegas.,Bloggers,"June 21, 2023",FALSE,FAKE,0
55,Ciara O'Rourke,A video shows a child yelling an expletive at President Joe Biden.,Viral image,"June 20, 2023",pants-fire,FAKE,0
56,Loreben Tuquero,"Particulate matter, found in wildfire smoke, has “no effect” on human health and is “total junk science.”",Steve Milloy,"June 20, 2023",FALSE,FAKE,0
57,Maria Briceño,"Una iglesia fue “quemada por un rayo en Boston, EE. UU. durante una ceremonia de boda gay. Este 5 de mayo de 2023, sin sobrevivientes entre los participantes”.",Tweets,"June 20, 2023",FALSE,FAKE,0
58,Tom Kertscher,Former Attorney General Bill Barr “says Donald Trump is a spy.”,Mark Kaye,"June 20, 2023",FALSE,FAKE,0
59,Marta Campabadal,“Arma que EE.UU. le dio a Ucrania es vista en manos de cártel”.,Facebook posts,"• June 20,",FALSE,FAKE,0
60,Maria Briceño,"Científicos descubren que al “consumir 3 tazas de leche diaria, las personas tienen más riesgos de desarrollar cáncer de mama”.",Facebook posts,"June 20, 2023",barely-true,FAKE,0
61,Ciara O'Rourke,“Ringing in your ears can cause total shutdown in under two years” but a pill can make tinnitus disappear.,Facebook posts,"June 19, 2023",FALSE,FAKE,0
62,Jeff Cercone,"Protests of (Sisters of Perpetual Indulgence) at a Los Angeles Dodgers game led to a ""virtually empty stadium for the game itself.”",Ron DeSantis,"June 19, 2023",FALSE,FAKE,0
63,Ciara O'Rourke,Video shows “current weather situation in Karachi.”,Facebook posts,"June 19, 2023",FALSE,FAKE,0
64,Ciara O'Rourke,Video is evidence the moon landing was faked because someone would have had to stay behind to film,Instagram posts,"June 19, 2023",FALSE,FAKE,0
65,Tom Kertscher,"Recent wildfires put more carbon in the atmosphere than ""the human race has put out in the last 100 years.""",Instagram posts,"June 19, 2023",FALSE,FAKE,0
66,Ciara O'Rourke,“Breaking dead DNC leaker has just been identified.”,Facebook posts,"June 19, 2023",FALSE,FAKE,0
67,Ciara O'Rourke,Video shows singer Tim McGraw talking about diet gummies.,Facebook posts,"June 19, 2023",FALSE,FAKE,0
68,Ciara O'Rourke,Video shows Elon Musk talking about an “AI cryptocurrency trading platform” he launched.,Facebook posts,"June 19, 2023",FALSE,FAKE,0
69,Ciara O'Rourke,Video shows former President Donald Trump addressing the nation on June 16.,Facebook posts,"June 19, 2023",FALSE,FAKE,0
70,Ciara O'Rourke,Image shows a fall revealing President Joe Biden’s diaper.,Viral image,"June 19, 2023",pants-fire,FAKE,0
71,Conor Amendola,"A printer error in Nassau County, New York, turned every registered voter Democratic.",Tweets,"June 19, 2023",barely-true,FAKE,0
72,Cameron Carr,"“For every dollar in federal taxes my constituents pay, we get a mere 93 cents back.”",Nick LaLota,"June 19, 2023",mostly-true,REAL,1
73,Maria Ramirez,"""Per capita, more Floridians move to California than Californians moving to Florida.”",Gavin Newsom,"• June 19,",mostly-true,REAL,1
74,Grace Abels,"In the U.S., “a person can be married in the morning and thrown out of a restaurant for being gay in the afternoon.”",Joe Biden,"June 16, 2023",mostly-true,REAL,1
75,Marta Campabadal,"""Panico en Moscu Putin anuncia que Ucrania toma la ciudad"".",Facebook posts,"• June 16,",pants-fire,FAKE,0
76,Gabrielle Settles,Says a video showing water inside a glass on a spaceflight proves space isn’t real,Instagram posts,"June 16, 2023",FALSE,FAKE,0
77,Madison Czopek,Displaying the progress pride flag between two American flags during a White House pride event was “in breach of US Flag Code.”,Roger Marshall,"June 16, 2023",FALSE,FAKE,0
78,Andy Nguyen,“Pfizer funneled $12 million to CNN anchor Anderson Cooper as part of a deal to promote mRNA COVID jabs to the American public.”,Instagram posts,"June 16, 2023",FALSE,FAKE,0
79,Samantha Putterman,A Boston church burned during “a homosexual marriage” and there were no survivors.,TikTok posts,"June 16, 2023",FALSE,FAKE,0
80,Ciara O'Rourke,Country singer Miranda Lambert is giving away “free belly melt kits.”,Facebook posts,"June 16, 2023",FALSE,FAKE,0
81,Ciara O'Rourke,“The United Nations replaces all 193 country flags with LGBT flags.”,Instagram posts,"June 16, 2023",FALSE,FAKE,0
82,Ciara O'Rourke,The military arrested the administrator of the Small Business Administration.,Viral image,"June 16, 2023",pants-fire,FAKE,0
83,Gabrielle Settles,"""Silenciaron al Dr. Sebi"" por decir que ciertos vegetales ""son productos de laboratorio"".",Facebook posts,"June 16, 2023",FALSE,FAKE,0
84,Ciara O'Rourke,Video shows an aide to former President Donald Trump “grilling” former President Barack Obama.,Facebook posts,"June 15, 2023",FALSE,FAKE,0
85,Ciara O'Rourke,Photo shows former President Donald Trump “dancing with a 13-year-old girl” on Jeffrey Epstein’s private island.,Viral image,"June 15, 2023",FALSE,FAKE,0
86,Maria Briceño,"Este video muestra ""extraterrestres en Las Vegas captados por una cámara de seguridad"".",Facebook posts,"June 15, 2023",FALSE,FAKE,0
87,Ciara O'Rourke,Video shows former President Donald Trump attacking the Clintons in 2023.,Facebook posts,"June 15, 2023",FALSE,FAKE,0
88,Ciara O'Rourke,A photo shows Australian TV host David Koch being detained by police.,Viral image,"June 15, 2023",FALSE,FAKE,0
89,Marta Campabadal,This video shows a cartel member in Mexico carrying a Javelin that the U.S. sent to Ukraine.,TikTok posts,"• June 15,",FALSE,FAKE,0
90,Ciara O'Rourke,Former President Donald Trump rescued deformed children who were born into sex slavery in tunnels under Central Park in New York.,Instagram posts,"June 14, 2023",pants-fire,FAKE,0
91,Tom Kertscher,"Smoke that covered New York, New Jersey and Connecticut after the Canadian wildfires “was a planned operation in geoengineering.”",Instagram posts,"June 14, 2023",FALSE,FAKE,0
92,Sara Swann,“A Ukrainian tank uses a house as camouflage.”,Instagram posts,"June 14, 2023",FALSE,FAKE,0
93,Ciara O'Rourke,Gabby Petito’s last text to her mother included an acronym for “Send The Authorities Now.”,Facebook posts,"June 14, 2023",FALSE,FAKE,0
94,Ciara O'Rourke,“Mel Gibson has announced he has been secretly working on a 4 part docu series exposing the 34 billion dollar global child sex trafficking trade.”,Instagram posts,"June 14, 2023",FALSE,FAKE,0
95,Ciara O'Rourke,Recent wildfires in Canada were simultaneously ignited using weapons.,Facebook posts,"June 13, 2023",FALSE,FAKE,0
96,Loreben Tuquero,“The White House Gift Shop is putting out a commemorative coin for Donald Trump's indictment.”,Bill Cassidy,"June 13, 2023",half-true,REAL,1
97,Ciara O'Rourke,Video shows an aide to U.S. Rep. Nancy Pelosi snapping at former U.S. Rep. Trey Gowdy.,Facebook posts,"June 13, 2023",FALSE,FAKE,0
98,Ciara O'Rourke,Recent wildfires in California were planned to clear land for a high-speed rail system.,Instagram posts,"June 13, 2023",FALSE,FAKE,0
99,Sara Swann,“They are trying to throw Trump in jail for the rest of his life for having a couple dozen documents that he had authority to declassify.”,Instagram posts,"June 13, 2023",FALSE,FAKE,0
100,Sarah Bahari,"Barack Obama said that Iran has a “right” to nuclear technology, including weapons.",Ted Cruz,"June 13, 2023",barely-true,FAKE,0
101,Gabrielle Settles,"Trump ""hasn't been 'indicted.' It's all part of the Operation.”",Facebook posts,"June 13, 2023",pants-fire,FAKE,0
102,Ciara O'Rourke,"Video shows U.S. Rep. Jim Jordan asking U.S. Rep. Jerry Nadler, “What are you hiding?”",Facebook posts,"June 12, 2023",FALSE,FAKE,0
103,Amy Sherman,Donald Trump “never changed one immigration law.”,Chris Christie,"June 12, 2023",mostly-true,REAL,1
104,Samantha Putterman,"Photo of woman in Team Trump attire is Aileen Cannon, the Trump-appointed judge presiding over the classified documents case.",Tweets,"June 12, 2023",FALSE,FAKE,0
105,Grace Abels,Las personas atraídas a los menores de edad “ya tienen su bandera del orgullo”.,TikTok posts,"June 12, 2023",FALSE,FAKE,0
106,Ciara O'Rourke,Video shows cattle killed by COVID-19 vaccines.,Viral image,"June 12, 2023",FALSE,FAKE,0
107,Loreben Tuquero,"“Hundreds of thousands of innocent people died” from taking the drug azidothymidine, or AZT.",Instagram posts,"June 9, 2023",FALSE,FAKE,0
108,Ciara O'Rourke,“There is no war in Ukraine.”,Facebook posts,"June 9, 2023",pants-fire,FAKE,0
109,Ciara O'Rourke,Video shows Elon Musk and Jack Ma presenting “a new software called ‘Quantum AI.’”,Facebook posts,"June 9, 2023",FALSE,FAKE,0
110,Ciara O'Rourke,“Publix drops Ben and Jerry’s ‘for the good of our kids.’”,Bloggers,"June 9, 2023",FALSE,FAKE,0
111,Ciara O'Rourke,"“Cocaine, porn, evidence of child trafficking found in (Gov. Gretchen) Whitmer’s car.”",TikTok posts,"June 9, 2023",pants-fire,FAKE,0
112,Maria Ramirez,"“A place like California, they give (immigrants in the country illegally) benefits. They give unemployment checks.”",Ron DeSantis,"• June 9,",half-true,REAL,1
113,Gabrielle Settles,"“Italy announced they are changing LGBT Pride month to Family Pride Month,” in order to “celebrate traditional families.”",Instagram posts,"June 8, 2023",FALSE,FAKE,0
114,Louis Jacobson,“The family separation policy actually began under the Obama administration.”,Mike Pence,"June 8, 2023",FALSE,FAKE,0
115,Marta Campabadal,"Video muestra un arresto de ""inmigrantes en Florida"".",Facebook posts,"• June 8,",FALSE,FAKE,0
116,Ciara O'Rourke,"“Military, Trump thwart deep state blackout.”",Facebook posts,"June 8, 2023",pants-fire,FAKE,0
117,Ciara O'Rourke,Footage shows Canada’s wildfires were “planned.”,Instagram posts,"June 8, 2023",FALSE,FAKE,0
118,Grace Abels,"A movement representing ""minor attracted people"" has adopted a flag that is being integrated into LGBTQ+ advocacy.",Instagram posts,"June 8, 2023",FALSE,FAKE,0
119,Loreben Tuquero,"President Joe Biden showed signs of cognitive decline when he walked away from an Air Force Falcons presentation with a jersey, snubbing a signed football and helmet.",Instagram posts,"June 8, 2023",FALSE,FAKE,0
120,Sara Swann,The wildfires in Canada were planned.,TikTok posts,"June 8, 2023",FALSE,FAKE,0
121,Gabrielle Settles,“An 11-year-old boy saved the lives of two people on the same day.”,Instagram posts,"June 7, 2023",TRUE,REAL,1
122,Samantha Putterman,"Amazon’s “Utopia” TV series predicted the COVID-19 pandemic and an intentional effort to sterilize humans, showing the pandemic was planned.",TikTok posts,"June 7, 2023",pants-fire,FAKE,0
123,Madeline Heim,The COVID vaccine “has been proven to have negative efficacy.”,Ron Johnson,"June 7, 2023",FALSE,FAKE,0
124,Gabrielle Settles,"Jamie Foxx tras una coagulación de sangre en el cerebro ""habría quedado ciego y paralizado"" debido a una ""dosis de vacuna contra el coronavirus"".",Facebook posts,"June 7, 2023",FALSE,FAKE,0
125,Madison Czopek,"“New tapes” of Nancy Pelosi show that the Jan. 6, 2021, attack on the U.S. Capitol “was all planned.”",Benny Johnson,"June 6, 2023",FALSE,FAKE,0
126,Loreben Tuquero,Photos show Target selling children’s clothing with satanic imagery.,Facebook posts,"June 6, 2023",FALSE,FAKE,0
127,Maria Briceño,"Disney ""acaba de publicar"" que no puedes entrar a sus parques en Florida y California ""sin que tus hijos reconozcan que no le pueden llamar a un niño él o ella"".",Facebook posts,"June 6, 2023",FALSE,FAKE,0
128,Sara Swann,Texas Attorney General Ken Paxton was “caught on tape saying he discarded 2.5 million mail-in ballots in Texas.”,TikTok posts,"June 6, 2023",FALSE,FAKE,0
129,Tom Kertscher,Boiling tap water causes fluoride in the water to be “more toxic.”,Facebook posts,"June 6, 2023",pants-fire,FAKE,0
130,Sevana Wenn,The average amount of assistance for the Supplemental Nutrition Assistance Program is $6 a day.,Pramila Jayapal,"June 6, 2023",mostly-true,REAL,1
131,Louis Jacobson,"Having ""biological boys … in their locker rooms” is a reason why “a third of our teenage girls seriously contemplated suicide last year.""",Nikki Haley,"June 6, 2023",FALSE,FAKE,0
132,Loreben Tuquero,"In a simulation, an AI-enabled drone operated by the U.S. Air Force killed its operators and “started taking out communication towers.”",Instagram posts,"June 5, 2023",FALSE,FAKE,0
133,Maria Ramirez,"Donald Trump ""wanted to amnesty 2 million illegal aliens in 2018 when he was president.""",Ron DeSantis,"• June 5,",mostly-true,REAL,1
134,Gabrielle Settles,“Jamie Foxx left ‘paralyzed and blind’ from blood clot in his brain” after a COVID-19 vaccine injection.,Charlie Kirk,"June 5, 2023",FALSE,FAKE,0
135,Julie Appleby,"""Americans will get $1.1 B in rebates from health insurance companies this year cuz of a provision I wrote in the ACA.”",Al Franken,"June 5, 2023",mostly-true,REAL,1
136,Grace Abels,"The blue, pink, and white colors in the progress pride flag represent pedophiles",Facebook posts,"June 2, 2023",pants-fire,FAKE,0
137,Jeff Cercone,"""The European Union is now warning pregnant women not to get the COVID-19 vaccine due to the possibility of infertility and miscarriage.”",Instagram posts,"June 1, 2023",FALSE,FAKE,0
138,Loreben Tuquero,Photos show “Elon Musk and his company are in the final stages of making a Robot Wife.”,Instagram posts,"June 1, 2023",FALSE,FAKE,0
139,Louis Jacobson,"""Every study has shown” that when work requirements are tied to federal safety-net programs, “it puts more people to work.”",Kevin McCarthy,"June 1, 2023",barely-true,FAKE,0
140,Tom Kertscher,"The U.S. ""takes 87% of all the prescription medications in the world.""",Facebook posts,"June 1, 2023",FALSE,FAKE,0
141,Gabrielle Settles,Video shows boxes of books removed from a middle school library that were “banned by the DeSantis regime in Florida.”,Instagram posts,"June 1, 2023",FALSE,FAKE,0
142,Maria Briceño,La guanábana “es considerada como la quimioterapia natural”.,Facebook posts,"June 1, 2023",FALSE,FAKE,0
143,Jeff Cercone,30 tons of lost ammonium nitrate on a California-bound train suggest an orchestrated conspiracy.,Facebook posts,"June 1, 2023",FALSE,FAKE,0
144,Sara Swann,Pop-Tarts and other foods “have antifreeze in them.”,Instagram posts,"June 1, 2023",FALSE,FAKE,0
145,Vanessa Swales,On exceptions to Wisconsin's abortion ban,Derrick Van Orden,"June 1, 2023",half-flip,FAKE,0
146,Tom Kertscher,"Video shows officials in Maricopa County, Arizona, ""illegally breaking into"" voting machines.",Instagram posts,"May 31, 2023",FALSE,FAKE,0
147,Matthew Crowley,“There's not been a single book banned in the state of Florida.”,Ron DeSantis,"May 31, 2023",FALSE,FAKE,0
148,Loreben Tuquero,"Chick-fil-A “just hired a VP of Diversity, Equity and Inclusion.”",Tweets,"May 31, 2023",FALSE,FAKE,0
149,Grace Abels,Roseanne Barr made a video of a rainbow in a sprinkler questioning 'what the heck is in our water supply.',TikTok posts,"May 31, 2023",FALSE,FAKE,0
150,Samantha Putterman,“Arizona BANS Electronic Voting Machines.”,Facebook posts,"May 31, 2023",FALSE,FAKE,0
151,Madison Czopek,"""Si trabajaste en el año 2020 puede ser que te deban muchísimo dinero” a través de un “crédito que está activo hasta ahora”.",Facebook posts,"May 31, 2023",FALSE,FAKE,0
152,Jeff Cercone,“Miami-Dade County has banned” Amanda Gorman’s poem “from elementary schools.”,Instagram posts,"May 31, 2023",barely-true,FAKE,0
153,Andy Nguyen,A chart on Arctic sea ice provides evidence that Al Gore was wrong when he said in 2009 that the north polar ice cap would lose all of its ice “within the next five to seven years.”,Alex Epstein,"May 31, 2023",half-true,REAL,1
154,Gabrielle Settles,"""F.ight BREAKS as C.omer SHUTS UP Biden's lawyer with B0MBSHELL.""",Facebook posts,"May 31, 2023",pants-fire,FAKE,0
155,Madison Czopek,House Speaker Kevin McCarthy called for the immediate “expulsion and prosecution of Rep. Adam Schiff for committing crimes of treason against the United States.”,Instagram posts,"May 30, 2023",FALSE,FAKE,0
156,Maria Briceño,Says Ron DeSantis said Puerto Rico’s flag can’t be displayed in Florida.,TikTok posts,"May 30, 2023",FALSE,FAKE,0
157,Loreben Tuquero,"Rep. Eric Swalwell, D-Calif., is facing charges after “lying” to Rep. Jim Jordan, R-Ohio.",Facebook posts,"May 30, 2023",FALSE,FAKE,0
158,Loreben Tuquero,Video shows Rep. Nancy Pelosi being arrested.,Instagram posts,"May 30, 2023",pants-fire,FAKE,0
159,Maria Briceño,"""Estelas de aviones ... están modificadas con químicos por gobiernos poderosos para enfermar a las personas con fines económicos manipulativos y de reducción de la población"".",Facebook posts,"May 30, 2023",pants-fire,FAKE,0
160,Marta Campabadal,"Estas imágenes tomadas ""con 100 años de diferencia"" muestran que el nivel del mar no ha subido.",Facebook posts,"• May 30,",FALSE,FAKE,0
161,Tom Kertscher,"Electric vehicles are a ""giant computer that can be controlled remotely from some cloud-based central grid.""",Facebook posts,"May 26, 2023",barely-true,FAKE,0
162,Andy Nguyen,“Adam Schiff just got served” with a $16 million fine for Russia collusion investigation.,Facebook posts,"May 26, 2023",FALSE,FAKE,0
163,Gabrielle Settles,"Says Bill Gates visited Jeffrey Epstein’s Island ""37 times.""",Instagram posts,"May 26, 2023",FALSE,FAKE,0
164,Loreben Tuquero,“50 U.S. politicians who received satellite phones were taken to an undisclosed government bunker facility to ensure a Continuation of Government.”,Facebook posts,"May 26, 2023",FALSE,FAKE,0
165,Maria Ramirez,“Ron DeSantis voted against the wall.”,MAGA Inc,"• May 26,",barely-true,FAKE,0
166,Sara Swann,"""1,000,000 Ukraine soldiers wiped out”",Facebook posts,"May 26, 2023",FALSE,FAKE,0
167,Gabrielle Settles,"“If you shopped at Walmart in 2022, you could be entitled to a $500 refund!”",Facebook posts,"May 26, 2023",FALSE,FAKE,0
168,Madison Czopek,North Korean leader Kim Jong-un “just ordered the evacuation of the capital city.”,Facebook posts,"May 26, 2023",FALSE,FAKE,0
169,Louis Jacobson,"Said he was “able to convince India, Australia, Japan, and the United States to form an organization called the Quad to maintain stability in the Indian Ocean and the South China Sea.""",Joe Biden,"May 26, 2023",barely-true,FAKE,0
170,Jeff Cercone,U.S. destroyer recently fired at an armed Iranian ship.,Facebook posts,"May 26, 2023",FALSE,FAKE,0
171,Loreben Tuquero,A list shows violent crimes in Los Angeles that “people will be set free on as of today.”,Instagram posts,"May 26, 2023",FALSE,FAKE,0
172,Sara Swann,Video shows a U.S. military member opening a border gate and allowing immigrants to enter the country illegally.,TikTok posts,"May 26, 2023",FALSE,FAKE,0
173,Maria Briceño,"Ron DeSantis ""firmó una ley para prohibir exhibir la bandera de Puerto Rico en público"".",TikTok posts,"May 26, 2023",FALSE,FAKE,0
174,D.L. Davis,"Infertility is treated differently than other issues and ""often excluded from insurance coverage""",Kelda Helen Roys,"May 26, 2023",TRUE,REAL,1
175,Jeff Cercone,"""NYC mayor plans to track and limit meat and dairy.""",Instagram posts,"May 25, 2023",barely-true,FAKE,0
176,Marta Campabadal,"""¡Rusia levanta la bandera blanca y se rinde a Ucrania!""",Facebook posts,"• May 25,",pants-fire,FAKE,0
177,Tom Kertscher,Photo shows the U.S. Pentagon “is under attack.”,Facebook posts,"May 25, 2023",pants-fire,FAKE,0
178,Jeff Cercone,"""The NEXT pandemic is here and children are the target, says Bill Gates.”",Facebook posts,"May 25, 2023",FALSE,FAKE,0
179,Gabrielle Settles,Dr. Sebi was killed “for revealing the truth” about the health benefits of burdock plants.,Facebook posts,"May 25, 2023",FALSE,FAKE,0
180,Madison Czopek,"An Arizona judge was “forced to overturn” an election and ruled “274,000 ballots must be thrown out.”",Facebook posts,"May 24, 2023",FALSE,FAKE,0
181,Marta Campabadal,"""Estados Unidos en peligro advierte el presidente y llama a todos a defender el alma de Estados Unidos"".",Facebook posts,"• May 24,",FALSE,FAKE,0
182,Louis Jacobson,“The share of working-age men choosing to work is the lowest it has ever been.”,Tim Scott,"May 24, 2023",half-true,REAL,1
183,Tom Kertscher,"“The best type” of drinking water is H3O2, from fruits, “a more structured form of water.”",Facebook posts,"May 24, 2023",FALSE,FAKE,0
184,Samantha Putterman,"“AIDS-associated diseases and cancers have increased by 338x since the rollout of the COVID-19 vaccines, according to the CDC and foreign government bodies.""",Instagram posts,"May 24, 2023",pants-fire,FAKE,0
185,Maria Ramirez,"“Just last year,” Miami-Dade Public Schools “had over 14,000 new children, 10,000 of which came from four countries of Cuba, Nicaragua, Venezuela and Haiti.”",Francis Suarez,"• May 23,",TRUE,REAL,1
186,Gabrielle Settles,Says a report shows that “Ventilators Killed Nearly ALL COVID Patients”,Instagram posts,"May 23, 2023",FALSE,FAKE,0
187,Madison Czopek,COVID-19 vaccines administered during pregnancy drove an increase in cases of myocarditis in babies.,Instagram posts,"May 23, 2023",FALSE,FAKE,0
188,Sara Swann,“Tuck-friendly” bathing suits at Target “are available in kids’ sizes.”,Matt Walsh,"May 23, 2023",FALSE,FAKE,0
189,Loreben Tuquero,"A video shows former President Barack Obama referring to his wife, Michelle as “Michael.”",Facebook posts,"May 23, 2023",pants-fire,FAKE,0
190,Loreben Tuquero,A bill in Connecticut that changes the definition for “sexual orientation” would protect “minor attracted persons” from discrimination.,Instagram posts,"May 23, 2023",FALSE,FAKE,0
191,Maria Briceño,"""La gente que se sube al coche manteniendo las ventanas cerradas inevitablemente aspirará en rápida sucesión excesivas cantidades” de benceno.",Facebook posts,"May 23, 2023",FALSE,FAKE,0
192,Louis Jacobson,“(Donald) Trump ran up more debt than any other president in American history.”,Hakeem Jeffries,"May 22, 2023",barely-true,FAKE,0
193,Maria Ramirez,"“El gobierno de Estados Unidos estará otorgando 30,000 visas mensuales"" para personas de Colombia, Guatemala, Honduras y El Salvador ""para poder venir a vivir a los Estados Unidos por dos años con permiso de trabajo"".",TikTok posts,"• May 19,",barely-true,FAKE,0
194,Matthew Crowley,"“For African American families in particular, the homeownership rate remains relatively unchanged since 1968, the year the Fair Housing Act was signed into law.”",Tim Scott,"May 19, 2023",TRUE,REAL,1
195,Madison Czopek,"“U.S. military is now testing soldiers for AIDS, after DOD database reports 500% increase in HIV since the COVID vaccine rollout.”",Instagram posts,"May 19, 2023",FALSE,FAKE,0
196,Sara Swann,“Street lights are connected to mRNA.”,Facebook posts,"May 19, 2023",pants-fire,FAKE,0
197,Samantha Putterman,“CNN announces today there will be no more live audiences at town halls.”,Facebook posts,"May 19, 2023",FALSE,FAKE,0
198,Loreben Tuquero,Canadian Prime Minister Justin Trudeau posed improperly with South Korean National Assembly Speaker Kim Jin-pyo because he “had a bit too much to drink.”,Facebook posts,"May 19, 2023",FALSE,FAKE,0
199,Jeff Cercone,"""Chinese communist” troops on the ground at U.S. southern border.",TikTok posts,"May 19, 2023",FALSE,FAKE,0
200,Gabrielle Settles,Video shows “Pelosi CRIES LIKE KID after McCarthy kicked her out as speaker.”,Facebook posts,"May 18, 2023",pants-fire,FAKE,0
201,Maria Briceño,This video shows empty shelves at a Florida grocery store because truckers said “they were not delivering anything to Florida !!!”,TikTok posts,"May 18, 2023",FALSE,FAKE,0
202,Michelle Andrews,"""We pay by far the highest prices in the world for prescription drugs, in some cases 10 times more than the people of any other country.""",Bernie Sanders,"May 18, 2023",half-true,REAL,1
203,Marta Campabadal,"“El Congreso ha aprobado un seguro de salud gratis con cobertura médica, dental y de visión”.",Facebook posts,"• May 18,",FALSE,FAKE,0
204,Maria Ramirez,"""The Republican plan would cut federal law enforcement officers — 30,000 — including 11,000 FBI agents, 2,000 border agents, DEA agents, and so on.""",Joe Biden,"• May 18,",barely-true,FAKE,0
205,Madison Czopek,An Instagram video shows a man confronting President Joe Biden about an inappropriate relationship with a 13-year-old girl.,Instagram posts,"May 18, 2023",pants-fire,FAKE,0
206,Jill Terreri,The New York state budget covers 96% of eligible preschoolers,Kathy Hochul,"• May 18,",mostly-true,REAL,1
207,Tom Kertscher,“A European study has found COVID vaccines could be causing ‘long-term brain damage.’”,TikTok posts,"May 18, 2023",FALSE,FAKE,0
208,Tom Kertscher,Pregnant women getting the Tdap vaccine “voluntarily are quite literally the experiment.”,Instagram posts,"May 18, 2023",FALSE,FAKE,0
209,Marta Campabadal,“JUST IN: A MASSIVE CARAVAN of illegal aliens is forcing their way into the US!”,Tweets,"• May 18,",FALSE,FAKE,0
210,Paul Specht,“(I will oppose) any attempt to restrict or deny women’s basic health care needs.”,Tricia Cotham,"May 17, 2023",full-flop,FAKE,0
211,Jeff Cercone,FedNow is a new “monetary system” that’s “going to cost you.”,Facebook posts,"May 17, 2023",FALSE,FAKE,0
212,Tom Kertscher,"“We are about 1 degree Celsius above the coldest it’s been in the last 10,000 years” and “that’s why we shouldn’t be panicking.”",Instagram posts,"May 17, 2023",FALSE,FAKE,0
213,Tom Kertscher,New Washington state law allows “government to take away minors from parents if they refuse to agree to gender-transition surgery.”,The Gateway Pundit,"May 17, 2023",FALSE,FAKE,0
214,Gabrielle Settles,“Jamie Foxx is on Life Support in ICU at this hour … Family is preparing for the worst.”,Facebook posts,"May 16, 2023",FALSE,FAKE,0
215,Gabrielle Settles,“The government has been putting ground up human teeth and bone in our food and calling it 'calcium phosphate.’”,Facebook posts,"May 16, 2023",pants-fire,FAKE,0
216,Amy Sherman,“In Congress Ron DeSantis pushed a 23% national sales tax.”,MAGA Inc,"May 16, 2023",half-true,REAL,1
217,Maria Ramirez,“A partir del 11 de mayo no podrán ser deportados personas que lleguen a la frontera de los Estados Unidos bajo el Título 42”.,TikTok posts,"• May 16,",barely-true,FAKE,0
218,Loreben Tuquero,Photo shows former President Donald Trump “in the hood.”,Tweets,"May 16, 2023",FALSE,FAKE,0
219,Marta Campabadal,"""Latino small businesses are 1 in 4 new businesses, but only 1% of venture capital funding goes to Latino businesses.""",Kamala Harris,"• May 16,",mostly-true,REAL,1
220,Sara Swann,Photo shows Joe Biden touching a child inappropriately.,Instagram posts,"May 15, 2023",pants-fire,FAKE,0
221,Loreben Tuquero,“NCAA strips Lia Thomas of National Championship After ‘Unfavorable’ Test Results.”,Tweets,"May 15, 2023",FALSE,FAKE,0
222,Loreben Tuquero,Video shows Pfizer agreed to pay $2.3 billion in a health care fraud settlement involving COVID-19 vaccines.,Instagram posts,"May 12, 2023",FALSE,FAKE,0
223,Paul Specht,Four North Carolina Republicans made “campaign promises” to protect reproductive rights,Roy Cooper,"May 12, 2023",half-true,REAL,1
224,D.L. Davis,"“When a basketball player or football or baseball player from another team plays in Wisconsin, that one game's salary, they pay Wisconsin income tax on it. ... So, if for some reason we do not have the Brewers in Wisconsin all of those player salaries that generate dollars for the State of Wisconsin go away.""",Robin Vos,"May 12, 2023",TRUE,REAL,1
225,Gabrielle Settles,California has approved $1.2 million in reparations for every Black resident.,Tweets,"May 12, 2023",FALSE,FAKE,0
226,Amy Sherman,“Donald Trump himself wrote a book where he was talking about the need to increase the age of eligibility for Social Security to 70.”,Ron DeSantis,"May 12, 2023",mostly-true,REAL,1
227,Samantha Putterman,“Hillary Clinton has Parkinson’s disease.”,Facebook posts,"May 11, 2023",FALSE,FAKE,0
228,Ciara O'Rourke,Video shows Fox News host Sean Hannity saying an impostor is pretending to be President Joe Biden.,Viral image,"May 11, 2023",FALSE,FAKE,0
229,Ciara O'Rourke,"NASA is “just a film studio, and all they do are movies.”",Viral image,"May 11, 2023",FALSE,FAKE,0
230,Amy Sherman,"“Many of these teachers are soldiers, ex-soldiers, ex-policeman.”",Donald Trump,"May 11, 2023",barely-true,FAKE,0
231,Loreben Tuquero,“The sun prevents skin cancer.”,Facebook posts,"May 11, 2023",FALSE,FAKE,0
232,Ciara O'Rourke,The National Parks Service posted about children who have been freed from human traffickers.,Viral image,"May 11, 2023",pants-fire,FAKE,0
233,Louis Jacobson,"House Speaker “Kevin McCarthy has quietly implemented a pay raise for members (of Congress) that could be $30,000+ per person. It circumvents the Constitution by instead reimbursing their rent, utilities, & meals.”",Brian Tyler Cohen,"May 11, 2023",barely-true,FAKE,0
234,Maria Briceño,"Este video muestra ""gente saliendo de Florida por nueva orden que se aprobó ley antimigrante”.",TikTok posts,"May 11, 2023",FALSE,FAKE,0
235,Ciara O'Rourke,Video shows Elon Musk saying “I just unbanned President Trump’s Twitter and I already have crybaby liberals threatening to quit Twitter.”,Viral image,"May 11, 2023",FALSE,FAKE,0
236,Marta Campabadal,“Se filtran fotos” de “satanista enseñando sus Rituales y Adoración a lucifer a niños en bibliotecas de Estados Unidos”.,Facebook posts,"• May 10,",pants-fire,FAKE,0
237,Samantha Putterman,"“Both murderers in Texas were not only illegals, but gang members” and were “most likely tied to MS-13.”",Facebook posts,"May 10, 2023",FALSE,FAKE,0
238,Maria Briceño,En China se están fabricando huevos artificiales para el consumo humano.,Facebook posts,"May 10, 2023",FALSE,FAKE,0
239,Marta Campabadal,Este video muestra “reptilianos”.,Facebook posts,"• May 10,",pants-fire,FAKE,0
240,Maria Briceño,Tropas estadounidenses se preparan para “una pandemia zombies”.,Facebook posts,"May 10, 2023",FALSE,FAKE,0
241,Madison Czopek,"Duke Health, UNC Health and ECU Health “in North Carolina are diagnosing toddlers who play with stereotypically opposite gender toys as having gender dysphoria and are beginning to transition them!!”",Instagram posts,"May 10, 2023",FALSE,FAKE,0
242,Gabrielle Settles,“Goldfish crackers contain a dangerously high amount of weed killer.”,Facebook posts,"May 10, 2023",FALSE,FAKE,0
243,Louis Jacobson,"“This year, there have been 13,000 deaths by gun violence. The vast majority, 95% of them, are in inner cities, where you have some of the strictest gun control laws in the country.”",Marc Short,"May 10, 2023",barely-true,FAKE,0
244,Loreben Tuquero,Photo shows first person from a Honduras caravan to be granted asylum in the U.S.,Facebook posts,"May 9, 2023",FALSE,FAKE,0
245,Grace Abels,Democrats “introduced a bill that would ban detaining gay illegal immigrants.”,Will Cain,"May 9, 2023",barely-true,FAKE,0
246,Ciara O'Rourke,“The Democratic Party just confirmed Michelle Obama will be its nominee and nobody noticed.”,Viral image,"May 9, 2023",FALSE,FAKE,0
247,Ciara O'Rourke,“Robot attacks factory worker” in video.,Viral image,"May 9, 2023",FALSE,FAKE,0
248,Sarah Bahari,Texas Gov. Greg Abbott “cut $211 million in mental health funding.”,Gavin Newsom,"May 9, 2023",barely-true,FAKE,0
249,Ciara O'Rourke,Video shows House Speaker Kevin McCarthy announcing U.S. Rep. Nancy Pelosi “will be impeached.”,Facebook posts,"May 9, 2023",FALSE,FAKE,0
250,Sara Swann,A robot with artificial intelligence “self-terminated” after 15 minutes of manual labor.,Facebook posts,"May 9, 2023",FALSE,FAKE,0
251,Michael McAulliff,"Addressing the impact of the House GOP debt-ceiling bill on veterans’ programs, ""I'm dead serious that we're not cutting veterans, and I mean it.""",Mike Bost,"May 9, 2023",barely-true,FAKE,0
252,Jeff Cercone,"Chelsea Clinton said, “It’s time to force-jab every unvaccinated child in America.”",Instagram posts,"May 9, 2023",FALSE,FAKE,0
253,Ciara O'Rourke,Video shows the “Grim Reaper” appearing at King Charles III’s coronation.,Facebook posts,"May 8, 2023",FALSE,FAKE,0
254,Jeff Cercone,Dropped globe in video shows NASA astronauts filming in TV studio.,Instagram posts,"May 8, 2023",FALSE,FAKE,0
255,Ciara O'Rourke,Video shows a fight breaking out in a U.S. House of Representatives committee hearing.,Facebook posts,"May 8, 2023",FALSE,FAKE,0
256,Samantha Putterman,Photo shows migrants heading to U.S. border in May 2023.,Tweets,"May 8, 2023",FALSE,FAKE,0
257,Ciara O'Rourke,Says U.S. Rep. Nancy Pelosi “is guilty of treason.”,Facebook posts,"May 8, 2023",FALSE,FAKE,0
258,Ciara O'Rourke,Photo shows former first lady Michelle Obama as a man.,Viral image,"May 8, 2023",pants-fire,FAKE,0
259,Ciara O'Rourke,Video shows U.S. Rep. Madison Cawthorn receiving an “ovation” after confronting U.S. Rep. Nancy Pelosi.,Facebook posts,"May 8, 2023",FALSE,FAKE,0
260,Samantha Putterman,“mRNA in food is being tested by USDA now.”,Instagram posts,"May 8, 2023",FALSE,FAKE,0
261,Madison Czopek,U.S. Marine Corps arrested a CDC official.,TikTok posts,"May 8, 2023",FALSE,FAKE,0
262,Ciara O'Rourke,"“Michelle Obama’s mother dies, leaves inheritance to ‘My son Michael.’”",Viral image,"May 8, 2023",pants-fire,FAKE,0
263,Jill Terreri,"Fauci, DOD and CDC funded deadly pathogen research at Sudan lab",TikTok posts,"• May 8,",FALSE,FAKE,0
264,Madison Czopek,"“If you need Girl Scout cookies this year and don’t have a local troop to support, please consider buying from Troop 6000, which is entirely made up of girls living in NYC’s homeless shelters.”",Facebook posts,"May 8, 2023",TRUE,REAL,1
265,Jeff Cercone,"Simulation with fictional virus shows ‘“what they're preparing for us"" in 2025.",Instagram posts,"May 5, 2023",FALSE,FAKE,0
266,Gabrielle Settles,"Video shows Kamala Harris talking nonsensically about today, tomorrow and yesterday.",Facebook posts,"May 5, 2023",pants-fire,FAKE,0
267,Sara Swann,Florida lawmakers danced “after passing anti-trans legislation.”,TikTok posts,"May 5, 2023",barely-true,FAKE,0
268,Loreben Tuquero,NASA's T-minus launch countdown is a mocking reference to Satan.,Instagram posts,"May 5, 2023",pants-fire,FAKE,0
269,Ciara O'Rourke,Walmart stores are being converted to FEMA camps to imprison Americans.,Instagram posts,"May 5, 2023",FALSE,FAKE,0
270,Ciara O'Rourke,Kobe Bryant was killed “as a setup to stop him from testifying.”,Instagram posts,"May 5, 2023",FALSE,FAKE,0
271,Ciara O'Rourke,The phone President Richard Nixon used to talk to the first astronauts on the moon is evidence the 1969 moon landing was faked.,Instagram posts,"May 5, 2023",FALSE,FAKE,0
272,Vanessa Swales,Says Social Security is a “legal Ponzi scheme.”,Ron Johnson,"May 5, 2023",barely-true,FAKE,0
273,Ciara O'Rourke,Video shows U.S. Rep. Doug Collins exploding “with rage after Pelosi admits dirty ‘squad’ plan for Trump impeachment.”,Facebook posts,"May 4, 2023",FALSE,FAKE,0
274,Ciara O'Rourke,Video shows House Speaker Kevin McCarthy calling on Vice President Kamala Harris to “step down.”,Facebook posts,"May 4, 2023",FALSE,FAKE,0
275,Marta Campabadal,Apeel “es una compañía fundada por Bill Gates que utiliza mono y diglicéridos tóxicos para enfermarte”.,Facebook posts,"• May 4,",FALSE,FAKE,0
276,Matthew Crowley,"Gov. Ron DeSantis signed “a last-minute exception into an anti-discrimination law for anyone who also operates a theme park more than 25 acres in Florida,” benefiting Walt Disney Co.",Vivek Ramaswamy,"May 4, 2023",mostly-true,REAL,1
277,Mary McNaughton,Sen. Tommy Tuberville is preventing military promotions “because he objects to women within the military getting access to reproductive care.”,Charles Schumer,"May 4, 2023",half-true,REAL,1
278,Amy Sherman,“Texas Republicans just voted to give a Republican appointee the power to single-handedly CANCEL election results in the state’s largest Democratic county.”,Facebook posts,"May 4, 2023",mostly-true,REAL,1
279,Luiz Romero,Video shows Ukraine was “nuked.”,Facebook posts,"May 4, 2023",FALSE,FAKE,0
280,Paul Specht,Minority Leader Robert Reives “sent out a statement … encouraging us to resign and/or (face) a primary challenge.”,Tricia Cotham,"May 4, 2023",barely-true,FAKE,0
281,Ciara O'Rourke,“Fauci arrested.”,Facebook posts,"May 4, 2023",pants-fire,FAKE,0
282,Ciara O'Rourke,“Babysitter on crystal meth eats 3-month-old toddler.”,Facebook posts,"May 4, 2023",pants-fire,FAKE,0
283,Ciara O'Rourke,Imagen muestra “el doble” del presidente Joe Biden firmando documentos con su mano izquierda.,Facebook posts,"May 4, 2023",pants-fire,FAKE,0
284,Jeff Cercone,"""NASA just announced a 100-foot-wide fissure-crack just opened up Yellowstone volcano in 24 hours.”",Facebook posts,"May 3, 2023",FALSE,FAKE,0
285,Maria Briceño,"En WhatsApp puedes leer todas las conversaciones de tu pareja, “solo tienes que marcar *785# el número de su celular* # y listo”.",Instagram posts,"May 3, 2023",FALSE,FAKE,0
286,Samantha Putterman,"“Putin JUST SHUTDOWN All Oil To The US, Collapsing The US Economy!”",Facebook posts,"May 3, 2023",pants-fire,FAKE,0
287,Ciara O'Rourke,"Emergency stimulus loans “are finally available to U.S. citizens up to $5,000 even with poor credit.”",Facebook posts,"May 3, 2023",FALSE,FAKE,0
288,Ciara O'Rourke,Photo shows President Joe Biden’s “body double” signing documents with his left hand.,Viral image,"May 3, 2023",pants-fire,FAKE,0
289,Madison Czopek,“The flag of Washington’s District of Columbia has three red stars. One for each city state in the three-city empire.”,Facebook posts,"May 3, 2023",pants-fire,FAKE,0
290,Ciara O'Rourke,“Breaking Trump quietly announces Hillary’s prosecution is moving forward.”,Facebook posts,"May 3, 2023",FALSE,FAKE,0
291,Sara Swann,Video shows people collapsing because of COVID-19 vaccines.,Instagram posts,"May 3, 2023",FALSE,FAKE,0
292,Loreben Tuquero,A Minnesota lawmaker introduced a bill that would make it “illegal to discriminate against child rapists.”,Tweets,"May 3, 2023",FALSE,FAKE,0
293,Samantha Putterman,"“Buyers with good credit scores will pay even more to cover for those with bad credit.""",Nikki Haley,"May 3, 2023",barely-true,FAKE,0
294,Loreben Tuquero,Former President Barack Obama was arrested after his campaign “took $30 million illegally from Commie China fugitive.”,Facebook posts,"May 3, 2023",FALSE,FAKE,0
295,Tom Kertscher,The World Economic Forum and the United Nations have “ordered world governments to ration people’s water supply.”,TikTok posts,"May 3, 2023",FALSE,FAKE,0
296,Amy Sherman,"A Florida elections bill “guts everything” “instead of getting tough, and doing what the people want (same day voting, Voter ID, proof of Citizenship, paper ballots, hand count, etc.).”",Donald Trump,"May 3, 2023",FALSE,FAKE,0
297,Jeff Cercone,“Anheuser-Busch closing half its U.S. breweries” after Dylan Mulvaney backlash.,Facebook posts,"May 1, 2023",pants-fire,FAKE,0
298,Matthew Crowley,There is “$500 billion of unspent COVID money” that can be rescinded.,Nikki Haley,"May 1, 2023",half-true,REAL,1
299,Louis Jacobson,“Joe Biden was older on his first day as president than Ronald Reagan was on his last day.”,Jonathan Martin,"May 1, 2023",TRUE,REAL,1
300,Maria Briceño,“El nuevo WhatsApp de 2023” permite “ver con quién están hablando tus contactos en vivo”.,Facebook posts,"May 1, 2023",FALSE,FAKE,0
301,Jill Terreri,New York Gov. Kathy Hochul wants “quarantine camps” and “imprisonment” if you’re suspected of having a disease.,Facebook posts,"• April 29,",pants-fire,FAKE,0
302,Andy Nguyen,"The ocean is ""flat"" and ""contained"" by land features that jut up from a flat (not spherical) earth.",Facebook posts,"April 28, 2023",FALSE,FAKE,0
303,Jeff Cercone,"""Healthy pilots are suffering from myocarditis and dropping dead on flights” because of the COVID-19 vaccines.",Instagram posts,"April 28, 2023",FALSE,FAKE,0
304,Tom Kertscher,"“Face masks may raise risk of stillbirths, testicular dysfunction and cognitive decline, study warns.”",Instagram posts,"April 28, 2023",barely-true,FAKE,0
305,Sara Swann,“When fentanyl burns it smells like popcorn.”,Facebook posts,"April 28, 2023",FALSE,FAKE,0
306,Loreben Tuquero,"Chick-fil-A “donates another $1.8 million to anti-LGBTQ groups,” backtracking on its promise not to.",Instagram posts,"April 28, 2023",FALSE,FAKE,0
307,Tom Kertscher,"""Oil pulling” improves overall oral health, strengthens gums, helps prevent cavities, whitens teeth and reduces plaque.",Facebook posts,"April 28, 2023",barely-true,FAKE,0
308,Loreben Tuquero,"Chemtrails are being put into the atmosphere and are trickling down into soil and water, becoming “the real cause of disease.”",Facebook posts,"April 27, 2023",pants-fire,FAKE,0
309,Andy Nguyen,"""There is no Biden presidency. The real Biden was executed for his crimes long ago along with Clinton.""",Facebook posts,"April 27, 2023",pants-fire,FAKE,0
310,Gabrielle Settles,Video shows someone impersonating Joe Biden in a mask.,Instagram posts,"April 27, 2023",pants-fire,FAKE,0
311,Maria Briceño,Este video enseña “las primera palabras” de Gustavo Petro junto a Joe Biden.,Facebook posts,"April 27, 2023",FALSE,FAKE,0
312,Maria Briceño,“El CEO de Pfizer es un lagarto (demonio)”.,Instagram posts,"April 27, 2023",pants-fire,FAKE,0
313,Sara Swann,Israel is banning Christianity.,Facebook posts,"April 27, 2023",FALSE,FAKE,0
314,Jeff Cercone,"“1,900 food production companies have been destroyed” as part of conspiracy.",Instagram posts,"April 26, 2023",FALSE,FAKE,0
315,Madison Czopek,BlackRock owns 59 million shares of Dominion Voting Systems and 45.7 million shares of Fox News. BlackRock sued itself and fired Tucker Carlson as part of the lawsuit.,Facebook posts,"April 26, 2023",barely-true,FAKE,0
316,Tom Kertscher,Dr. Anthony Fauci “admits that mask mandates were a broad spectrum failure.”,Instagram posts,"April 26, 2023",FALSE,FAKE,0
317,Samantha Putterman,“The abortion pill has been linked to the deaths of at least 28 women in the U.S. alone.”,Instagram posts,"April 26, 2023",barely-true,FAKE,0
318,Gabrielle Settles,A Pentagon plan and a CDC poster proves that a “zombie apocalypse” is coming.,Facebook posts,"April 26, 2023",pants-fire,FAKE,0
319,Conor Amendola,“Individuals released from incarceration are 129 times more likely to die of a drug overdose during the first two weeks after release.”,Paul Tonko,"April 26, 2023",half-true,REAL,1
320,Marta Campabadal,"“¡Los préstamos de estímulo de $50,000 finalmente están aquí!”",Facebook posts,"• April 26,",FALSE,FAKE,0
321,Sara Swann,“The Antarctic ice cap is not melting.”,Instagram posts,"April 25, 2023",pants-fire,FAKE,0
322,Loreben Tuquero,Brain aneurysms are a “serious and common COVID-19 mRNA vaccine injury in young people.”,Instagram posts,"April 25, 2023",FALSE,FAKE,0
323,Cameron Carr,“Many law enforcement agencies didn’t submit their (hate crime) data to the FBI.”,Kirsten Gillibrand,"April 25, 2023",TRUE,REAL,1
324,Gabrielle Settles,People are participating in “National Rape Day’” on April 24.,TikTok posts,"April 24, 2023",FALSE,FAKE,0
325,Jeff Cercone,"""Adam Schiff will be impeached.”",Facebook posts,"April 24, 2023",pants-fire,FAKE,0
326,Jeff Cercone,Bill Gates is coating your organic produce with a “dangerous chemical.”,Instagram posts,"April 24, 2023",FALSE,FAKE,0
327,Aarón Torres,“Fentanyl is the leading cause of death for Americans 18-45.”,Greg Abbott,"April 24, 2023",mostly-true,REAL,1
328,Gabrielle Settles,"Video shows Nancy Pelosi saying, “I’ve given a shoot-to-kill order for any breach of the speaker’s lobby,” on Jan. 6, 2021.",TikTok posts,"April 21, 2023",pants-fire,FAKE,0
329,Loreben Tuquero,"George Soros is banned in Russia, Pakistan, Turkey, Hungary, Poland and the Philippines.",Facebook posts,"April 21, 2023",barely-true,FAKE,0
330,Jeff Cercone,"""U.N. calls for decriminalizing sex with minors.”",Instagram posts,"April 21, 2023",FALSE,FAKE,0
331,Andy Nguyen,"""Scientists struggle to understand why Antarctica hasn’t warmed for over 70 years despite rise in CO2.""",Instagram posts,"April 21, 2023",FALSE,FAKE,0
332,Maria Briceño,"La Reserva Federal “presentó su nuevo sistema de pagos que va a sustituir al sistema bancario actual"".",Facebook posts,"April 21, 2023",FALSE,FAKE,0
333,Sara Swann,Symbols on Huggies diapers are coded references to pedophilia.,Instagram posts,"April 20, 2023",pants-fire,FAKE,0
334,Marta Campabadal,“Extraterrestres reales de visita”.,Facebook posts,"• April 20,",FALSE,FAKE,0
335,Louis Jacobson,"""In the 1960s, liberals emptied our psych wards.""",Mike Pence,"April 20, 2023",half-true,REAL,1
336,Jeff Cercone,A video proves that “our own government is acknowledging that they’re spraying the skies” with toxic chemicals.,Facebook posts,"April 20, 2023",FALSE,FAKE,0
337,Grace Abels,Missouri’s attorney general has a website “where people can report trans individuals and the people who help them.”,Tweets,"April 20, 2023",mostly-true,REAL,1
338,Maria Ramirez,Florida has “the second lowest tax burden per capita in the United States.”,Ron DeSantis,"• April 19,",mostly-true,REAL,1
339,Marta Campabadal,"""Nueva ley de perdón está eliminando hasta $15,000 de deuda para todos los estadounidenses…cualquier categoría aplica"".",Facebook posts,"• April 19,",FALSE,FAKE,0
340,Sara Swann,The RESTRICT Act would allow the U.S. government to “charge you with a felony and $1 million for having a VPN.”,Instagram posts,"April 19, 2023",barely-true,FAKE,0
341,Marta Campabadal,"""La Asociación Nacional de la Deuda ... recientemente aprobó un programa de alivio de la deuda para todos los que tengan más de $10,000 en deuda en tarjetas de crédito"".",Facebook posts,"• April 18,",FALSE,FAKE,0
342,Madison Czopek,“One in 5 Americans has lost a family member to gun violence.”,Kamala Harris,"April 18, 2023",mostly-true,REAL,1
343,Maria Briceño,Hay “restos de una nave nodriza gigante ocultada por la NASA” en Marte.,Facebook posts,"April 18, 2023",FALSE,FAKE,0
344,Samantha Putterman,Video shows Russian President Vladimir Putin talking in English about U.S. democracy.,Instagram posts,"April 18, 2023",FALSE,FAKE,0
345,D.L. Davis,"""WOW county swing suburban voters (in Wisconsin) don't vote for Donald Trump.”",Paul Ryan,"April 18, 2023",TRUE,REAL,1
346,Gabrielle Settles,"""They have been preparing for mass extinction with these death caskets"" in Madison, Ga.",Facebook posts,"April 17, 2023",pants-fire,FAKE,0
347,Loreben Tuquero,“34 dead after Lizzo attempted to crowd surf.”,Instagram posts,"April 17, 2023",pants-fire,FAKE,0
348,Loreben Tuquero,"A video shows Sen. John Kennedy, R-La., playing a phone conversation between Rep. Alexandria Ocasio-Cortez, D-N.Y., and Hunter Biden.",Facebook posts,"April 17, 2023",pants-fire,FAKE,0
349,Samantha Putterman,The U.S. Department of Defense awarded a contract for COVID-19 research in Ukraine months before the virus was known.,TikTok posts,"April 17, 2023",FALSE,FAKE,0
350,Ciara O'Rourke,Video shows Kenya’s president saying he will “get rid of U.S. dollar.”,Instagram posts,"April 14, 2023",FALSE,FAKE,0
351,Ciara O'Rourke,"“Congress, White House, IRS, Feds, Federal Reserve are shut down.”",Instagram posts,"April 14, 2023",pants-fire,FAKE,0
352,Louis Jacobson,“Fewer people get hurt playing rugby” than American football.,Joe Biden,"April 14, 2023",barely-true,FAKE,0
353,Ciara O'Rourke,Manhattan District Attorney Alvin Bragg “has been arrested.”,Facebook posts,"April 14, 2023",pants-fire,FAKE,0
354,Ciara O'Rourke,Elon Musk is offering people the opportunity to make $1 million “in 90 days while sleeping in.”,Viral image,"April 14, 2023",FALSE,FAKE,0
355,Jeff Cercone,“In America our own (central bank digital currency) system is going to be launching July 1. It’s called the FedNow payment system.”,TikTok posts,"April 14, 2023",FALSE,FAKE,0
356,Ciara O'Rourke,Video proves John F. Kennedy Jr. is alive.,Viral image,"April 14, 2023",pants-fire,FAKE,0
357,Ciara O'Rourke,Video shows John F. Kennedy Jr. in a “real presidential convoy.”,Facebook posts,"April 14, 2023",pants-fire,FAKE,0
358,Ciara O'Rourke,Cash App founder Bob Lee’s death is connected to FedNow.,Instagram posts,"April 14, 2023",FALSE,FAKE,0
359,Marta Campabadal,“¡Florida emergencia! Huracán Ian golpe directo”.,Facebook posts,"• April 14,",FALSE,FAKE,0
360,Jeff Cercone,A video shows a steamroller destroying Bud Light cases in relation to Anheuser-Busch’s partnership with a trans person.,Instagram posts,"April 14, 2023",FALSE,FAKE,0
361,Maria Briceño,“La NASA advierte que el sol podría dejar de brillar y causar una catástrofe”.,Facebook posts,"April 14, 2023",barely-true,FAKE,0
362,Ciara O'Rourke,The person purporting to be Tiffany Dover is an impostor.,Viral image,"April 14, 2023",pants-fire,FAKE,0
363,Tom Kertscher,HIV is not contagious.,Facebook posts,"April 13, 2023",pants-fire,FAKE,0
364,Marta Campabadal,"""Latino, inmigrante, recién llegado … Si eres inmigrante en Estados Unidos y llevas más de tres meses ahí, podrías calificar para obtener cupones de comida”.",Facebook posts,"• April 13,",barely-true,FAKE,0
365,Samantha Putterman,Abortion pills are dangerous and “1 in 5 women will suffer a complication.”,Alliance Defending Freedom,"April 13, 2023",FALSE,FAKE,0
366,Jeff Cercone,"Lead paint was not banned to protect children’s health, but because it would protect people from radiation.",Facebook posts,"April 13, 2023",FALSE,FAKE,0
367,Grace Abels,New Kansas law will “authorize genital inspections of children in order for kids to play sports.”,Tweets,"April 13, 2023",barely-true,FAKE,0
368,Louis Jacobson,Actions of the Tennessee state legislators who protested against gun violence were “at least equivalent” to the actions of the Jan. 6 insurrectionists.,Cameron Sexton,"April 13, 2023",FALSE,FAKE,0
369,Maria Briceño,"El presidente Joe Biden dijo, “estamos quebrados, completamente quebrados. Agarren su dinero del banco, sáquenlo, sáquenlo ya”.",Facebook posts,"April 13, 2023",pants-fire,FAKE,0
370,Ciara O'Rourke,“Nike lost a lawsuit against antisemitism and has to give away gift cards to its customers.”,Facebook posts,"April 12, 2023",FALSE,FAKE,0
371,Ciara O'Rourke,Video shows U.S. Rep. Jim Jordan slapping special counsel Robert Mueller.,Facebook posts,"April 12, 2023",pants-fire,FAKE,0
372,Ciara O'Rourke,Video shows footage of the war in Ukraine.,Facebook posts,"April 12, 2023",FALSE,FAKE,0
373,Ciara O'Rourke,“FEMA camps are open for the upcoming arrests for crimes against humanity.”,Facebook posts,"April 12, 2023",pants-fire,FAKE,0
374,Sara Swann,“Canada just made it illegal to protest against the LGBT!”,Facebook posts,"April 12, 2023",FALSE,FAKE,0
375,Marta Campabadal,“La OTAN ordena apuntar misiles a Rusia y Putin ordena a su ejército invadir Finlandia!”,Facebook posts,"• April 12,",FALSE,FAKE,0
376,Ciara O'Rourke,Video shows Sen. Chris Murphy running away because Sen. Ted Cruz said “just shut your mouth.”,Facebook posts,"April 12, 2023",barely-true,FAKE,0
377,Maria Briceño,“Joe Biden liberará a reos tras visita de Marco Rubio a El Salvador”.,Facebook posts,"April 12, 2023",FALSE,FAKE,0
378,Amy Sherman,"When migrants arrived on Martha’s Vineyard, “They called out the National Guard and deported them within 24 hours.”",Ron DeSantis,"April 11, 2023",FALSE,FAKE,0
379,Ciara O'Rourke,A photo shows Jeffrey Epstein with four boys on a beach.,Tweets,"April 11, 2023",FALSE,FAKE,0
380,Louis Jacobson,“The 5 states with the highest gun homicide rates in the nation all have loose gun laws” while “the 5 states with the lowest rates have some of the toughest laws.”,Chris Murphy,"April 11, 2023",half-true,REAL,1
381,Jeff Cercone,"Video shows ""HAARP gets destroyed” by protesters.",Instagram posts,"April 10, 2023",FALSE,FAKE,0
382,Gabrielle Settles,Elon Musk said a new Tesla feature can scan testicles and use that information “to biometrically unlock and start the car.”,Instagram posts,"April 10, 2023",pants-fire,FAKE,0
383,Sara Swann,“Anheuser-Busch CEO resigns” after Bud Light partners with transgender social media influencer Dylan Mulvaney.,Facebook posts,"April 10, 2023",FALSE,FAKE,0
384,Ciara O'Rourke,“Hillary Clinton indicted.”,Facebook posts,"April 10, 2023",pants-fire,FAKE,0
385,Jill Terreri,Manhattan District Attorney Alvin Bragg “has downgraded over 50% of the felonies to misdemeanors.”,Ron DeSantis,"• April 8,",TRUE,REAL,1
386,Madison Czopek,U.S. public schools don't teach the Declaration of Independence.,Facebook posts,"April 7, 2023",FALSE,FAKE,0
387,Paul Specht,“North Carolina ranks last in the country in K-12 funding.”,North Carolina state House Democratic Caucus,"April 7, 2023",barely-true,FAKE,0
388,Jeff Cercone,"""Vitamins aren’t FDA approved, but Twinkies are.”",Facebook posts,"April 7, 2023",barely-true,FAKE,0
389,Loreben Tuquero,There have been no new COVID-19 variants since Dr. Anthony Fauci retired.,Instagram posts,"April 7, 2023",FALSE,FAKE,0
390,Grace Abels,“Florida man charged with a hate crime” for defacing pride crosswalk.,Tweets,"April 7, 2023",barely-true,FAKE,0
391,Sara Swann,Pouring soda on raw pork will cause parasites to emerge.,Facebook posts,"April 7, 2023",pants-fire,FAKE,0
392,Gabrielle Settles,"A video shows Florida Gov. Ron DeSantis saying, “Now Trump’s been indicted, now the people will have no choice but to accept me as their assigned candidate.”",TikTok posts,"April 7, 2023",pants-fire,FAKE,0
393,Sara Swann,"A doctor tweeted that she doesn’t regret giving the COVID-19 vaccine, “even if it turns out I injected you with actual poison and you only have days to live.”",Instagram posts,"April 6, 2023",pants-fire,FAKE,0
394,Jeff Cercone,"Report proves that COVID-19 vaccines caused 300,000 excess deaths in 2022.",Instagram posts,"April 6, 2023",FALSE,FAKE,0
395,Madison Czopek,“President Trump is officially a political prisoner.”,Tom Fitton,"April 6, 2023",FALSE,FAKE,0
396,Amy Sherman,"Regarding Trump’s January 2021 telephone call with Georgia election officials, “nobody found anything wrong with that perfect call until a book promotion tour many months later.”",Donald Trump,"April 5, 2023",pants-fire,FAKE,0
397,Louis Jacobson,"“In the next two years, we'll spend more on interest on our national debt than we do on the national defense.”",Mike Pence,"April 5, 2023",half-true,REAL,1
398,Maria Ramirez,"“Title 42 and other Trump-era holdovers are forcing migrants into dangerous, overcrowded conditions in Mexico.”",Joaquin Castro,"• April 5,",mostly-true,REAL,1
399,Maria Briceño,“La mayor parte” del fentanilo que llega a los puertos de Estados Unidos viene desde Canadá.,Facebook posts,"April 5, 2023",FALSE,FAKE,0
400,Ciara O'Rourke,Video shows a crowd erupting and Hillary Clinton crying during a committee hearing.,Facebook posts,"April 5, 2023",pants-fire,FAKE,0
401,Ciara O'Rourke,Video shows Homeland Security Secretary Alejandro Mayorkas crying after a question from an aide to former President Donald Trump.,Facebook posts,"April 5, 2023",pants-fire,FAKE,0
402,Ciara O'Rourke,A video shows President Joe Biden “getting off plane with little boy dressed like girl.”,Viral image,"April 5, 2023",FALSE,FAKE,0
403,Samantha Putterman,White House Press Secretary Karine Jean-Pierre was involved in a covered-up DUI accident,Tweets,"April 5, 2023",pants-fire,FAKE,0
404,Madison Czopek,Video clip shows that protesters in Tennessee “made their way onto the state capitol floor.”,Laura Ingraham,"April 4, 2023",FALSE,FAKE,0
405,Loreben Tuquero,The FedNow program “is going to replace your paper currency.”,Facebook posts,"April 4, 2023",FALSE,FAKE,0
406,Conor Amendola,Sullivan County “has the highest opioid death rate in all of New York state” yet “it’s the only county in the Hudson Valley not included in the federal High-Intensity Drug Trafficking Area” program.,Charles Schumer,"April 4, 2023",mostly-true,REAL,1
407,Samantha Putterman,"Joe Biden received a military funeral service Jan. 20, 2021",Facebook posts,"April 4, 2023",pants-fire,FAKE,0
408,Ciara O'Rourke,Videos show former Secretary of State Hillary Clinton discussing a glass dome over Earth.,Instagram posts,"April 4, 2023",pants-fire,FAKE,0
409,Ciara O'Rourke,“Pelosi cries like a kid after Trump’s lawyer proves her client ‘innocence.’”,Facebook posts,"April 4, 2023",FALSE,FAKE,0
410,Ciara O'Rourke,“Brittney Griner’s shocking detention photos leaked online.”,Facebook posts,"April 4, 2023",FALSE,FAKE,0
411,Ciara O'Rourke,"U.S. Rep. Jim Jordan, R-Ohio, “sends Biden straight to jail.”",Facebook posts,"April 4, 2023",pants-fire,FAKE,0
412,Ciara O'Rourke,Former President Donald Trump is actually another man wearing a Trump mask.,Facebook posts,"April 4, 2023",pants-fire,FAKE,0
413,Gabrielle Settles,"Morgan Freeman called out Joe Biden for talking about “ice cream” before commenting on the Nashville, Tennessee, school shooting.",TikTok posts,"April 3, 2023",pants-fire,FAKE,0
414,Marta Campabadal,“Hay un nuevo virus regado en China donde los humanos se convierten en zombis”.,Instagram posts,"• April 3,",FALSE,FAKE,0
415,Amy Sherman,"In the U.S., “you’re not allowed to own a machine gun.”",Joe Biden,"April 3, 2023",barely-true,FAKE,0
416,Loreben Tuquero,"Rep. Alexandria Ocasio-Cortez, D-N.Y., “is now worth $29 million dollars.”",Facebook posts,"April 3, 2023",pants-fire,FAKE,0
417,Yacob Reyes,"Gov. Ron DeSantis sealed ""all beaches"" in Florida.",Donald Trump,"April 3, 2023",barely-true,FAKE,0
418,Amy Sherman,Former President Donald Trump “instructed all the governors to shut down” because of the COVID-19 pandemic.,Jared Moskowitz,"April 3, 2023",half-true,REAL,1
419,Tom Kertscher,Solar companies “have to give solar panels away for completely no net cost.”,Facebook posts,"March 31, 2023",FALSE,FAKE,0
420,Andy Nguyen,DO Black credit card is part of a government plot to control people’s lives.,Facebook posts,"March 31, 2023",FALSE,FAKE,0
421,Loreben Tuquero,The Nashville shooter was wearing different pairs of shoes before and after being killed.,Social Media,"March 31, 2023",pants-fire,FAKE,0
422,Madison Czopek,“The UK has had ZERO school shootings since” it changed its gun laws after a 1996 school shooting.,Instagram posts,"March 31, 2023",mostly-true,REAL,1
423,Gabrielle Settles,Video shows Florida Gov. Ron DeSantis saying he made certain political choices because “that’s where the money is.”,Facebook posts,"March 31, 2023",pants-fire,FAKE,0
424,Marta Campabadal,“Enorme ejércitos polacos de 100 mil … entran en la frontera rusa”.,Facebook posts,"• March 31,",FALSE,FAKE,0
425,Loreben Tuquero,Video shows President Joe Biden talking about what “stable Jesus” said about airports.,Instagram posts,"March 30, 2023",FALSE,FAKE,0
426,Aarón Torres,"When discussing education savings accounts, ""We would be 31st in the nation to have these policies going forward on behalf of kids.”",Brandon Creighton,"March 30, 2023",half-true,REAL,1
427,Madison Czopek,"Photo of person holding sign shows the shooter who killed six people at a Nashville, Tennessee, school.",Facebook posts,"March 30, 2023",FALSE,FAKE,0
428,Louis Jacobson,“We have a national debt the size of our nation’s economy for the first time since World War II.”,Mike Pence,"March 30, 2023",half-true,REAL,1
429,Tom Kertscher,Images show a great white shark on the beach in North Carolina.,Facebook posts,"March 29, 2023",FALSE,FAKE,0
430,Jeff Cercone,Video shows zombie virus outbreak in China.,Instagram posts,"March 29, 2023",FALSE,FAKE,0
431,Loreben Tuquero,"A photo shows former President Barack Obama’s “old boyfriend,” to whom he paid “hush money.”",Instagram posts,"March 29, 2023",pants-fire,FAKE,0
432,Amy Sherman,“Gun violence is the number one killer of children and teens — it has overtaken cars.”,Ashbey Beasley,"March 29, 2023",mostly-true,REAL,1
433,Cameron Carr,“Every single county in New York has experienced a federal climate disaster between 2011-2021.”,Rebuild by Design,"March 29, 2023",mostly-true,REAL,1
434,Marnique O.,“A proposal in Syracuse would pay gang members $100-$200 per week to stay out of trouble.”,William Barclay,"• March 29,",mostly-true,REAL,1
435,Tom Kertscher,"Climate change is caused by corporations using ""weather modification patents.”",Instagram posts,"March 29, 2023",FALSE,FAKE,0
436,Madeline Heim,"At a Wisconsin school, a 12-year-old girl ""was transitioned into a boy by school officials without parental consent,"" and Protasiewicz supports it.",American Principles Project,"March 29, 2023",pants-fire,FAKE,0
437,Jeff Cercone,Images show “Putin has been arrested.”,Facebook posts,"March 28, 2023",FALSE,FAKE,0
438,Madison Czopek,"“The gay dating app Grindr says if Florida doesn’t stop passing homophobic and transphobic laws, they’ll reveal every Republican legislator and party official who secretly uses the app.”",Instagram posts,"March 28, 2023",FALSE,FAKE,0
439,Samantha Putterman,“Congress has officially banned TikTok.”,Tweets,"March 28, 2023",FALSE,FAKE,0
440,Loreben Tuquero,"The Nashville, Tennessee, school shooter was Samantha Hyde.",Facebook posts,"March 28, 2023",pants-fire,FAKE,0
441,D.L. Davis,"The money for upgrades to the Milwaukee Brewers stadium in Evers’ budget is ""a bipartisan plan.""",Tony Evers,"March 28, 2023",barely-true,FAKE,0
442,Tom Kertscher,“Trump just shared a bombshell letter from Stormy Daniels debunking DA Bragg's case.”,Facebook posts,"March 27, 2023",FALSE,FAKE,0
443,Loreben Tuquero,Manhattan District Attorney Alvin Bragg announced that his office “has decided to drop all charges against Donald Trump.”,TikTok posts,"March 27, 2023",pants-fire,FAKE,0
444,Jeff Cercone,Photo shows Pennsylvania Sen. John Fetterman has a body double.,Facebook posts,"March 27, 2023",pants-fire,FAKE,0
445,Madison Czopek,"“At a top robotics company in Japan this week, four robots being developed for military applications killed 29 humans in the lab.”",Facebook posts,"March 27, 2023",FALSE,FAKE,0
446,Laura Schulte,"As a sitting Supreme Court justice, Daniel Kelly recused himself from a case, then “he pocketed $20,000 in contributions” from the plaintiff and family members and “unrecused himself so he could judge the case.”",Janet Protasiewicz,"March 24, 2023",half-true,REAL,1
447,Maria Ramirez,"Violent crime in Manhattan is ""now at a record level.""",Donald Trump,"• March 24,",FALSE,FAKE,0
448,Loreben Tuquero,“No one got (a) dime” from the $70 million raised for the Florida Disaster Fund.,Tweets,"March 24, 2023",FALSE,FAKE,0
449,Warren Fiske,On red flag laws.,Glen Sturtevant,"March 24, 2023",full-flop,FAKE,0
450,Madison Czopek,Silicon Valley Bank “donated $73M to 'BLM Movement'”,Facebook posts,"March 22, 2023",FALSE,FAKE,0
451,Gabrielle Settles,Video shows Elon Musk saying he bought Twitter and unblocked Andrew Tate’s Twitter account because “we need to escape the suppression from the matrix and expose the global elites.”,Facebook posts,"March 22, 2023",pants-fire,FAKE,0
452,Loreben Tuquero,“You can get vaccinated by sleeping with somebody who is already jabbed” with an mRNA vaccine. “It’s called shedding.”,Instagram posts,"March 22, 2023",FALSE,FAKE,0
453,Ciara O'Rourke,Charles Darwin predicted a sub-species of humans “will deny biology” and “attempt to undo the centuries of human development by rewriting history.”,Viral image,"March 22, 2023",FALSE,FAKE,0
454,Matthew Crowley,“We cut Black child poverty in half in 2021 because of the child tax credit.”,Joe Biden,"March 22, 2023",mostly-true,REAL,1
455,Ciara O'Rourke,TV host “Dr. Phil” endorsed a “2023 seniors benefits program.”,Facebook posts,"March 21, 2023",FALSE,FAKE,0
456,Ciara O'Rourke,Former President Donald Trump said “any indictment of me is an indictment of you.”,Viral image,"March 21, 2023",FALSE,FAKE,0
457,Ciara O'Rourke,Video shows “Trump supporters lining up on Fifth Ave in Manhattan on Sunday.”,Facebook posts,"March 21, 2023",FALSE,FAKE,0
458,Ciara O'Rourke,Former President Donald Trump is the “current sitting” commander in chief.,Facebook posts,"March 21, 2023",pants-fire,FAKE,0
459,Ciara O'Rourke,Former President Donald Trump issued a statement threatening to leak “interesting videos” of House Speaker Kevin McCarthy.,Viral image,"March 21, 2023",FALSE,FAKE,0
460,Ciara O'Rourke,Joe Biden was the first president in 100 years to unsuccessfully sing the alphabet song.,Instagram posts,"March 21, 2023",pants-fire,FAKE,0
461,Ciara O'Rourke,Elon Musk tweeted he would “buy Joint Commission and let nurses have drinks at their station.”,Viral image,"March 20, 2023",FALSE,FAKE,0
462,Ciara O'Rourke,Photo shows Magic Johnson donating blood “to help underprivileged communities help fight COVID-19.”,Viral image,"March 20, 2023",FALSE,FAKE,0
463,Ciara O'Rourke,"Former President Donald Trump tweeted, “The storm is upon us.”",Viral image,"March 20, 2023",FALSE,FAKE,0
464,Ciara O'Rourke,Angelina Jolie is dead.,Bloggers,"March 20, 2023",pants-fire,FAKE,0
465,Gabrielle Settles,Says President Joe Biden was recorded talking about bank collapse.,TikTok posts,"March 20, 2023",pants-fire,FAKE,0
466,Samantha Putterman,“BREAKING: ANTHONY FAUCI is set to be arrested!!!”,Instagram posts,"March 20, 2023",pants-fire,FAKE,0
467,Ciara O'Rourke,Photo shows former President Donald Trump detained by police.,Tweets,"March 20, 2023",FALSE,FAKE,0
468,Louis Jacobson,"""Half the kids in this country, when they graduate, can’t read their diploma.”",Tommy Tuberville,"March 20, 2023",barely-true,FAKE,0
469,Aarón Torres,"""Businesses large and small have led Texas to be ranked the number one state for business every year that I’ve been governor.""",Greg Abbott,"March 20, 2023",half-true,REAL,1
470,Grace Abels,"“USA gives final warning to Uganda to legalize homosexuality,” or no aid.",Facebook posts,"March 17, 2023",FALSE,FAKE,0
471,Madeline Heim,"Under a GOP bill on cash bail, ""a large quantity of people who are accused of crimes, including anyone who even witnesses certain crimes, could now be detained and subject to bail.""",Darrin Madison,"March 17, 2023",half-true,REAL,1
472,Louis Jacobson,"""The First Amendment doesn’t allow you to willingly lie.""",Whoopi Goldberg,"March 17, 2023",barely-true,FAKE,0
473,Samantha Putterman,Kari Lake called Trump the “fattest president since Taft” in a 2016 tweet.,Tweets,"March 16, 2023",FALSE,FAKE,0
474,Andy Nguyen,"""We’re just burning 300 gallons of jet fuel to de-ice this clean energy wind turbine … that needs 80 gallons of synthetic oil to operate.""",Facebook posts,"March 16, 2023",FALSE,FAKE,0
475,Gabrielle Settles,Monster Energy’s logo uses a sign of the anti-Christ as part of its marketing effort.,Facebook posts,"March 15, 2023",pants-fire,FAKE,0
476,Amy Sherman,A $2 million grant for Georgia’s DeKalb County amounts to a “private takeover of election offices.”,Facebook posts,"March 15, 2023",FALSE,FAKE,0
477,Tom Kertscher,On drilling on federal lands.,Joe Biden,"March 15, 2023",full-flop,FAKE,0
478,Amy Sherman,“More cops are killed responding to domestic violence calls than anything else.”,Joe Biden,"March 15, 2023",FALSE,FAKE,0
479,Ciara O'Rourke,“Elon Musk bans Greta Thunberg from Twitter.”,Bloggers,"March 15, 2023",FALSE,FAKE,0
480,Samantha Putterman,Walgreens’ position “has always been” to “dispense Mifepristone in any jurisdiction where it is legally permissible to do so.”,Walgreens,"March 15, 2023",mostly-true,REAL,1
481,Yacob Reyes,"""Ron DeSantis wants to raise the retirement age to 70.""",DeSantis Watch,"March 15, 2023",barely-true,FAKE,0
482,Ciara O'Rourke,“Russian dementia care facilities are using Biden on their poster.”,Viral image,"March 15, 2023",FALSE,FAKE,0
483,Ciara O'Rourke,“Clinton ally mysteriously dies.”,Facebook posts,"March 15, 2023",FALSE,FAKE,0
484,Loreben Tuquero,Photos of the Statue of Liberty taken in 1920 and 2020 show that the sea level hasn’t changed.,Instagram posts,"March 14, 2023",FALSE,FAKE,0
485,Ciara O'Rourke,Video shows U.S. Secret Service agents are demons.,Viral image,"March 14, 2023",pants-fire,FAKE,0
486,Ciara O'Rourke,“Emergency injunction and tribunal order was served to WHO … to immediately cease and desist a criminal conspiracy to commit war crimes.”,Viral image,"March 14, 2023",pants-fire,FAKE,0
487,Paul Specht,“The left is determined to erase Mount Rushmore from our history books.”,North Carolina Republican Party,"March 14, 2023",FALSE,FAKE,0
488,Ciara O'Rourke,Audio captures former Presidents Donald Trump and Barack Obama debating Michelle Obama’s gender.,Viral image,"March 14, 2023",FALSE,FAKE,0
489,D.L. Davis,"""Wisconsin has seen over 63 billion dollars of federal pandemic-related funding funnel into our state over (Gov. Tony Evers') tenure.""",Joan Ballweg,"March 14, 2023",mostly-true,REAL,1
490,Ciara O'Rourke,"Elon Musk tweeted, “The world is flat.”",Viral image,"March 13, 2023",FALSE,FAKE,0
491,Ciara O'Rourke,“The Simpsons” predicted money missing from Bank of America customers’ accounts in January.,Viral image,"March 13, 2023",FALSE,FAKE,0
492,Ciara O'Rourke,“Harry could be exiled to Botswana after he was deported from the United States due to an expired visa.”,Facebook posts,"March 13, 2023",pants-fire,FAKE,0
493,Ciara O'Rourke,“‘The View’ settles with the Rittenhouses for $22 million and a formal apology.”,Bloggers,"March 13, 2023",FALSE,FAKE,0
494,Amy Sherman,"Democrats ""want to ban gas powered cars and gas stoves.”",Nikki Haley,"March 13, 2023",half-true,REAL,1
495,Gabrielle Settles,"The 2017 Unite the Right rally in Charlottesville, Virginia, was “an American intel op against Trump.”",Scott Adams,"March 10, 2023",pants-fire,FAKE,0
496,Madison Czopek,Video shows that certain drinks can “test positive” for COVID-19 when using at-home COVID-19 tests.,Facebook posts,"March 10, 2023",FALSE,FAKE,0
497,Paul Specht,Wake County is the only large county in North Carolina that elects its commissioners at-large countywide.,Erin Paré,"March 10, 2023",mostly-true,REAL,1
498,Ciara O'Rourke,The White House Visitor Center is displaying a photo of a fake President Joe Biden.,Facebook posts,"March 9, 2023",pants-fire,FAKE,0
499,Ciara O'Rourke,President Joe Biden is “in Gitmo.”,Facebook posts,"March 9, 2023",pants-fire,FAKE,0
500,Conor Amendola,"Energy Secretary Jennifer Granholm met ""with the radical green energy group behind the gas stove ban,"" which ""has ties to the"" Chinese Communist Party.",Nicholas Langworthy,"March 9, 2023",barely-true,FAKE,0
501,Amy Sherman,"The 2020 election could not have been fair because “Los Angeles County agreed, during litigation, that there were 1.2 million ineligible voters after the election.”",Donald Trump,"March 9, 2023",FALSE,FAKE,0
502,Yacob Reyes,"""$1 of every $3 (Ron DeSantis) spends comes from the federal government.""",Fentrice Driskell,"March 9, 2023",TRUE,REAL,1
503,Ciara O'Rourke,“Elon Musk to acquire Facebook soon.”,Bloggers,"March 9, 2023",FALSE,FAKE,0
504,Madison Czopek,"Because of daylight saving time, “NO alarm set for the 2:00 a.m. hour will go off” on March 12.",Chain email,"March 9, 2023",half-true,REAL,1
505,Ciara O'Rourke,“Ashli Babbitt is alive and well.”,Instagram posts,"March 9, 2023",FALSE,FAKE,0
506,Ciara O'Rourke,Video shows Elon Musk endorsing “an anti-aging remedy.”,Viral image,"March 9, 2023",FALSE,FAKE,0
507,Ciara O'Rourke,Elon Musk banned U.S. Rep. Alexandria Ocasio-Cortez from Twitter.,Facebook posts,"March 9, 2023",pants-fire,FAKE,0
508,Ciara O'Rourke,Vladimir Putin “orders destruction of all COVID-19 vaccines in Russia.”,Bloggers,"March 9, 2023",pants-fire,FAKE,0
509,Ciara O'Rourke,Bill Gates claims to be a “valid representative of the pharmaceutical industry” because he “read a lot of books about that topic.”,Viral image,"March 9, 2023",FALSE,FAKE,0
510,Ciara O'Rourke,“Crowd erupts as Chip Roy grills Kamala Harris as she lies in Congress” in video.,Facebook posts,"March 8, 2023",pants-fire,FAKE,0
511,Ciara O'Rourke,“The January 6 committee disbanded immediately after the new footage was released.”,Facebook posts,"March 8, 2023",FALSE,FAKE,0
512,Cameron Carr,New York City Mayor Eric Adams proposes to “ban chocolate milk.”,Elise Stefanik,"March 8, 2023",mostly-true,REAL,1
513,Elizabeth Egan,“Lifetime earnings of someone with a college degree is over a million dollars more than those entering the workforce without one.”,Stanley Litow,"March 8, 2023",mostly-true,REAL,1
514,Maria Ramirez,“We banned transgender” people from serving in the military.,Donald Trump,"• March 8,",mostly-true,REAL,1
515,Tom Kertscher,"""The Biden administration is floating a new” climate strategy: Don't leave your house.""",Washington Free Beacon,"March 8, 2023",barely-true,FAKE,0
516,Ciara O'Rourke,“Bill Gates arrest warrant issued in Philippines for ‘premeditated murder’ linked to vaccine roll out.”,Instagram posts,"March 8, 2023",pants-fire,FAKE,0
517,Ciara O'Rourke,U.S. Sen. Josh Hawley made U.S. Attorney General Merrick Garland cry at a committee hearing.,Facebook posts,"March 8, 2023",FALSE,FAKE,0
518,Grace Abels,"“The youth suicide rate has increased exponentially alongside trans affirmation. Trans affirmation causes the suicide rate, not the other way around.”",Matt Walsh,"March 8, 2023",barely-true,FAKE,0
519,Madison Czopek,Capitol Police officers “helped” QAnon Shaman Jacob Chansley and “acted as his tour guides.”,Tucker Carlson,"March 7, 2023",pants-fire,FAKE,0
520,Gabrielle Settles,"“The five people that died in that plane crash … were supposed to go to Ohio to test the water, the soil and the air quality in East Palestine.”",Facebook posts,"March 7, 2023",FALSE,FAKE,0
521,Ciara O'Rourke,The United Kingdom’s “Parliament closed its borders to prevent Harry and Meg from flying to the UK in order to protect the king.”,Facebook posts,"March 7, 2023",pants-fire,FAKE,0
522,Laura Schulte,“Tammy Baldwin wants to take away” Medicare and Social Security.,National Republican Senatorial Committee,"March 7, 2023",FALSE,FAKE,0
523,Madison Czopek,“The moon is a habitable place.”,Facebook posts,"March 6, 2023",pants-fire,FAKE,0
524,Gabrielle Settles,“Breaking: John Fetterman RESIGNATION Announcement.”,Instagram posts,"March 6, 2023",FALSE,FAKE,0
525,Madison Czopek,Says Ukrainian President Volodymyr Zelenskyy said he wants America’s “sons and daughters to go die in Ukraine.”,Marjorie Taylor Greene,"March 3, 2023",FALSE,FAKE,0
526,Loreben Tuquero,"In Ohio, “there are 75,000 acres of farmland, fertile farmland, that are all now being poured down with acid rain.”",Facebook posts,"March 3, 2023",FALSE,FAKE,0
527,Gabrielle Settles,“Muslims by the millions are converting to Christianity.”,Facebook posts,"March 3, 2023",FALSE,FAKE,0
528,Loreben Tuquero,"Digital IDs were given to residents in East Palestine, Ohio, “to track long term health problems like difficulty breathing” before the Feb. 3 train derailment.",Instagram posts,"March 2, 2023",FALSE,FAKE,0
529,Madison Czopek,"The Justice Department has been “calling parents that are concerned about what their kids are being taught, they are labeling them terrorists.”",Kat Cammack,"March 2, 2023",FALSE,FAKE,0
530,Madison Czopek,Sen. Marco Rubio signed a 2021 letter that “supports waivers that would reduce visual track inspections.”,Pete Buttigieg,"March 2, 2023",barely-true,FAKE,0
531,Jeff Cercone,Photo of electric charging station “powered by diesel generator” is emblematic of the electric vehicle movement.,Facebook posts,"February 28, 2023",barely-true,FAKE,0
532,Ciara O'Rourke,“Official govt docs expose Michelle Obama’s 14 year history as a man.”,Facebook posts,"February 28, 2023",pants-fire,FAKE,0
533,Jeff Cercone,"""Woody Harrelson’s 60 seconds in the middle of his monologue was cut out of the edits released after the show.”",Instagram posts,"February 28, 2023",FALSE,FAKE,0
534,Ciara O'Rourke,“BREAKING Trump preps Marines to stop presidential coup.”,Facebook posts,"February 28, 2023",FALSE,FAKE,0
535,Ciara O'Rourke,Video shows President Joe Biden recalling an alien encounter.,Facebook posts,"February 28, 2023",FALSE,FAKE,0
536,Tom Kertscher,"Rifles “were involved in 297 deaths” in the U.S. in 2022 and “constipation killed 2,167.”",Instagram posts,"February 28, 2023",FALSE,FAKE,0
537,Sara Swann,Drinking or using tap water treated with chlorine is dangerous because “chlorine is a poison.”,Facebook posts,"February 28, 2023",FALSE,FAKE,0
538,Ciara O'Rourke,Joe Biden described America as “the foothills of the Himalayas with Xi Jinping.”,Viral image,"February 28, 2023",FALSE,FAKE,0
539,Ciara O'Rourke,"Kid Rock tweeted, “Some people wouldn’t recognize tyranny if it slapped a mask on their face, made them stand 6 feet apart, and forced them to take a vaccine for a virus with a 99.8% survival rate.”",Instagram posts,"February 27, 2023",FALSE,FAKE,0
540,Loreben Tuquero,"The train that derailed in Ohio was carrying “over 300,000 gallons of a chemical that was banned in 1974.”",Facebook posts,"February 27, 2023",barely-true,FAKE,0
541,Ciara O'Rourke,Photos of an apartment building in Kyiv are evidence the war in Ukraine “is fake.”,Viral image,"February 27, 2023",pants-fire,FAKE,0
542,Ciara O'Rourke,Former President Donald Trump “was the 1st president in U.S. history to acknowledge that children are being sold for sex in the U.S.” while President Joe Biden “rescinded Trump’s executive order that helped combat child sex trafficking.”,Viral image,"February 27, 2023",FALSE,FAKE,0
543,Ciara O'Rourke,"Says Elizabeth Warren said, “Allowing Republicans to vote could threaten the integrity of an election.”",Viral image,"February 27, 2023",FALSE,FAKE,0
544,Andy Nguyen,“The whole green energy agenda involves more than doubling 10 types of mining.”,Alex Epstein,"February 27, 2023",mostly-true,REAL,1
545,Jill Terreri,53% of Americans made aware of the Hunter Biden laptop story would have changed their vote in 2020.,Elise Stefanik,"• February 25,",FALSE,FAKE,0
546,Jeff Cercone,"""The laws governing Agenda 2030 land development allows the government to seize polluted lands and move their residents to … smart cities.”",Instagram posts,"February 24, 2023",FALSE,FAKE,0
547,Samantha Putterman,Apple will pay customers $700 for a slowed-down iPhone.,Instagram posts,"February 24, 2023",FALSE,FAKE,0
548,Ciara O'Rourke,President Joe Biden was “shot” in a “behind-the-scenes execution.”,Facebook posts,"February 23, 2023",pants-fire,FAKE,0
549,Ciara O'Rourke,“President Joe Biden admits to faking the election.”,Instagram posts,"February 23, 2023",FALSE,FAKE,0
550,Loreben Tuquero,"In Australia, a “17% increase in heart attack deaths” in the first eight months of 2022 is linked to COVID-19 vaccination.",Instagram posts,"February 23, 2023",FALSE,FAKE,0
551,Ciara O'Rourke,"“Clinton aide found dead, tied to tree in apparent murder.”",Facebook posts,"February 23, 2023",FALSE,FAKE,0
552,Ciara O'Rourke,“Every single one” of former President Barack Obama’s Medal of Freedom recipients in this video “was on Epstein’s flight logs.”,Viral image,"February 23, 2023",FALSE,FAKE,0
553,Amy Sherman,Student ID cards are a “source of fraud” at the polls.,Tina Lambert,"February 23, 2023",FALSE,FAKE,0
554,Yacob Reyes,"""George Soros has endorsed (Ron) DeSantis for 2024.""",The Gateway Pundit,"February 23, 2023",FALSE,FAKE,0
555,Ciara O'Rourke,“Joe Biden changes the name of Black History Month.”,Instagram posts,"February 23, 2023",FALSE,FAKE,0
556,Ciara O'Rourke,Big-box stores are refunding and crediting customers for fraud and discrimination.,Facebook posts,"February 23, 2023",FALSE,FAKE,0
557,Ciara O'Rourke,“Putin decimates another adrenochrome warehouse in Ukraine.”,Bloggers,"February 23, 2023",pants-fire,FAKE,0
558,Ciara O'Rourke,Audio is a “record of Biden trying to cover up his stolen documents crime.”,Instagram posts,"February 23, 2023",FALSE,FAKE,0
559,Ciara O'Rourke,Andrew Tate was released from prison and “proven not guilty.”,Instagram posts,"February 23, 2023",FALSE,FAKE,0
560,Ciara O'Rourke,Winston Churchill didn’t mention the Holocaust in his memoirs because it didn’t happen.,Instagram posts,"February 23, 2023",pants-fire,FAKE,0
561,Ciara O'Rourke,Canada has only “had 11 school shooting deaths … in history.”,Viral image,"February 23, 2023",half-true,REAL,1
562,Gabrielle Settles,Photo shows “what railways in Ohio look like while we send $40 billion to Ukraine.”,Facebook posts,"February 23, 2023",FALSE,FAKE,0
563,Samantha Putterman,"“Because the Covid shots are still manufactured under the Emergency Use Authorization, they can change up to 49% of the ingredients without FDA approval.""",Instagram posts,"February 22, 2023",FALSE,FAKE,0
564,Ciara O'Rourke,“Leaked audio recording of Biden and Zelenskyy talking in private.”,Viral image,"February 22, 2023",FALSE,FAKE,0
565,Ciara O'Rourke,A photo shows President Joe Biden and Ukrainian President Volodymyr Zelenskyy holding hands.,Viral image,"February 22, 2023",FALSE,FAKE,0
566,Ciara O'Rourke,The U.S. State Department has started a special immigrants visa “evacuation operation.”,Facebook posts,"February 22, 2023",FALSE,FAKE,0
567,Louis Jacobson,“I never claimed to be Jewish.”,George Santos,"February 22, 2023",pants-fire,FAKE,0
568,Yacob Reyes,"""Ron DeSantis voted to cut $473 billion from Medicare.""",DeSantis Watch,"February 22, 2023",half-true,REAL,1
569,Ciara O'Rourke,Richard Belzer died because of a COVID-19 vaccine.,Facebook posts,"February 22, 2023",FALSE,FAKE,0
570,Warren Fiske,Brown v. Board of Education “was never about sending Black children to white schools. It was about parents being able to decide where to send their children to school.”,Winsome Earle-Sears,"February 22, 2023",FALSE,FAKE,0
571,Jeff Cercone,"""Biden admin negotiates deal to give WHO authority over US pandemic policies.”",Instagram posts,"February 21, 2023",FALSE,FAKE,0
572,Paul Specht,“One man was actually killed” during 2020 protests of police brutality in Raleigh,Tim Moore,"February 21, 2023",FALSE,FAKE,0
573,Ciara O'Rourke,Video shows “the earthquake in Turkey.”,Facebook posts,"February 21, 2023",FALSE,FAKE,0
574,Loreben Tuquero,“Mickey Mouse to be replaced as official Disney mascot.”,Instagram posts,"February 20, 2023",FALSE,FAKE,0
575,Tom Kertscher,The dog dewormer fenbendazole can cure cancer in humans.,Facebook posts,"February 20, 2023",FALSE,FAKE,0
576,Louis Jacobson,"The “average tax” for billionaires is “about 3%,” which is “a lower tax than a schoolteacher or a firefighter.""",Joe Biden,"February 20, 2023",FALSE,FAKE,0
577,Jeff Cercone,“Seven ecological disasters in less than 2 weeks. … We are under attack.”,Facebook posts,"February 17, 2023",FALSE,FAKE,0
578,Ciara O'Rourke,KFC tweeted an image of a chicken drumstick for Black History Month.,Viral image,"February 17, 2023",FALSE,FAKE,0
579,Ciara O'Rourke,A photo shows birds that “dropped dead” in Kentucky after the train derailment in Ohio.,Facebook posts,"February 17, 2023",FALSE,FAKE,0
580,Ciara O'Rourke,“Criminal caught after cutting off 37 man buns.”,Viral image,"February 17, 2023",FALSE,FAKE,0
581,Ciara O'Rourke,The city of Atlanta is banning the word “women.”,Viral image,"February 17, 2023",FALSE,FAKE,0
582,Sara Swann,“Obama imposed stricter rules on trains carrying toxins. Trump killed them.”,Occupy Democrats,"February 17, 2023",mostly-true,REAL,1
583,Loreben Tuquero,"At the World Economic Forum, Moderna CEO Stéphane Bancel admitted that his company produced 100,000 doses of COVID-19 vaccines in 2019, before the pandemic started.",Instagram posts,"February 17, 2023",FALSE,FAKE,0
584,Maria Ramirez,"“No administration has ever looked less like America, just by the numbers, than the Biden administration.”",Tucker Carlson,"• February 17,",pants-fire,FAKE,0
585,Jeff Cercone,"In Australia, ""All joggers must wear a helmet.”",Facebook posts,"February 16, 2023",FALSE,FAKE,0
586,Ciara O'Rourke,President Joe Biden said “this s--- will turn your pacemaker off.”,Viral image,"February 16, 2023",pants-fire,FAKE,0
587,Ciara O'Rourke,Russian President Vladimir Putin “intercepts adrenochrome shipment headed to United States.”,Bloggers,"February 16, 2023",pants-fire,FAKE,0
588,Nusaiba Mizan,"""Energy costs are the highest in 15 years.""",Morgan Luttrell,"February 16, 2023",mostly-true,REAL,1
589,Jeff Cercone,"""Mother Teresa sold babies.”",Instagram posts,"February 15, 2023",FALSE,FAKE,0
590,Madison Czopek,"""It's President Biden who is proposing to cut Medicare Advantage.""",Tom Cotton,"February 15, 2023",FALSE,FAKE,0
591,Loreben Tuquero,“Michigan State University suspect is 22-year-old ‘Raymone Jordan.’”,Social Media,"February 15, 2023",FALSE,FAKE,0
592,Loreben Tuquero,"“Humans are not causing climate change.” Magnetic pole shifting “is causing havoc worldwide in weather, climate, earthquakes, tsunamis, etc.”",Instagram posts,"February 15, 2023",FALSE,FAKE,0
593,Jeff Cercone,"The earthquake in Turkey is a ""scripted"" use of geo engineering weather modification HAARP",Facebook posts,"February 15, 2023",FALSE,FAKE,0
594,Nusaiba Mizan,Gov. Abbott “signed a bill last year eliminating the requirements for Texas schools to teach MLK’s ‘I have a dream’ speech.”,Sawyer Hackett,"February 14, 2023",half-true,REAL,1
595,Andy Nguyen,"“Right now, driving 100 miles in an electric vehicle is more expensive than driving an internal combustion engine car.”",Erick Erickson,"February 14, 2023",half-true,REAL,1
596,Samantha Putterman,The Michigan State University shooter is a 21-year-old man named Lynn Dee Walker.,Facebook posts,"February 14, 2023",FALSE,FAKE,0
597,Amy Sherman,On running against Donald Trump for president.,Nikki Haley,"February 14, 2023",full-flop,FAKE,0
598,Samantha Putterman,Canada is to thank for American football.,Dave Grohl,"February 13, 2023",mostly-true,REAL,1
599,Sara Swann,The Kansas City Chiefs’ Super Bowl win has been “put on hold as NFL plans to launch an investigation on possible (performance-enhancing drug) use by Patrick Mahomes during halftime.”,Tweets,"February 13, 2023",pants-fire,FAKE,0
